boundary_dimension,stratum,baseline,N,unique_stations,DeltaNR_JEV_minus_baseline,bootstrap_status,ci95_lower,ci95_upper,bootstrap_mean,repetitions,cluster,development_only
TIE_SEPARATION,NEAR_TIE,Quality Rule,744,158,-0.014498496334694716,ELIGIBLE,-0.059316346566371275,0.02982707099189313,-0.014649408301282925,2000,target_station,True
TIE_SEPARATION,NEAR_TIE,XGBoost,744,158,-0.026633561318543466,ELIGIBLE,-0.06965105952909248,0.013775989245870639,-0.026507474725094977,2000,target_station,True
TIE_SEPARATION,NEAR_TIE,GRU,744,158,-0.008820563436986282,ELIGIBLE,-0.0485425351868924,0.031449223884613166,-0.00921932609908849,2000,target_station,True
TIE_SEPARATION,NEAR_TIE,Nearest,744,158,-0.04370962588527431,ELIGIBLE,-0.09393733111434972,0.0032305539053349547,-0.04417723050759799,2000,target_station,True
TIE_SEPARATION,NEAR_TIE,Historical Best,744,158,-0.013230476774190465,ELIGIBLE,-0.060364113798365836,0.033828275525494146,-0.013478846380622321,2000,target_station,True
TIE_SEPARATION,NEAR_TIE,Ridge,744,158,-0.03548109651485878,ELIGIBLE,-0.08425343362224176,0.010726639204286414,-0.036028277512843716,2000,target_station,True
TIE_SEPARATION,CLEAR_SEPARATION,Quality Rule,687,160,0.019815707237263926,ELIGIBLE,-0.03690546361663076,0.07734214705893074,0.019701834415050534,2000,target_station,True
TIE_SEPARATION,CLEAR_SEPARATION,XGBoost,687,160,0.025140766549308427,ELIGIBLE,-0.026018694211873826,0.07885133642225955,0.02641159383263073,2000,target_station,True
TIE_SEPARATION,CLEAR_SEPARATION,GRU,687,160,0.0336402873656102,ELIGIBLE,-0.01533647818447351,0.08375298215980005,0.034245361547019,2000,target_station,True
TIE_SEPARATION,CLEAR_SEPARATION,Nearest,687,160,-0.019177327357618863,ELIGIBLE,-0.08818055669312531,0.04813999368522962,-0.016658169193828412,2000,target_station,True
TIE_SEPARATION,CLEAR_SEPARATION,Historical Best,687,160,0.0007469701207827403,ELIGIBLE,-0.06779366219323517,0.0686873532506118,0.0017929872259829331,2000,target_station,True
TIE_SEPARATION,CLEAR_SEPARATION,Ridge,687,160,0.007282576086230871,ELIGIBLE,-0.04168793543079301,0.05705220410117038,0.007442890222289511,2000,target_station,True
SPREAD,HIGH_SPREAD,Quality Rule,308,94,0.0013398985616344002,ELIGIBLE,-0.08661331991614349,0.08970112884612598,0.00036056516278767427,2000,target_station,True
SPREAD,HIGH_SPREAD,XGBoost,308,94,0.014119243359973528,ELIGIBLE,-0.06356591549541436,0.09026604547216178,0.013740476684713754,2000,target_station,True
SPREAD,HIGH_SPREAD,GRU,308,94,0.02263517129944951,ELIGIBLE,-0.03197908756263781,0.07899523024275497,0.02202736368519492,2000,target_station,True
SPREAD,HIGH_SPREAD,Nearest,308,94,-0.05983564882249406,ELIGIBLE,-0.15131542455625327,0.03860501033952021,-0.05954327400376603,2000,target_station,True
SPREAD,HIGH_SPREAD,Historical Best,308,94,-0.023809528400072687,ELIGIBLE,-0.11764928254673031,0.06722252274751847,-0.022978646534218158,2000,target_station,True
SPREAD,HIGH_SPREAD,Ridge,308,94,0.03250813050102124,ELIGIBLE,-0.03025632082912022,0.09356125437009465,0.030873938835957057,2000,target_station,True
SPREAD,MID_SPREAD,Quality Rule,541,133,0.015324274447960012,ELIGIBLE,-0.04430403250201467,0.07799368543256002,0.015939796513846888,2000,target_station,True
SPREAD,MID_SPREAD,XGBoost,541,133,0.0066372316421714735,ELIGIBLE,-0.05188706914131828,0.06897677130304473,0.0071930999070967715,2000,target_station,True
SPREAD,MID_SPREAD,GRU,541,133,-0.00480587209851687,ELIGIBLE,-0.06316267927448717,0.06205420695810967,-0.003415344274262173,2000,target_station,True
SPREAD,MID_SPREAD,Nearest,541,133,-0.04077805050698828,ELIGIBLE,-0.11596319082558695,0.039481625177816684,-0.03954439829393877,2000,target_station,True
SPREAD,MID_SPREAD,Historical Best,541,133,-0.010791911073117727,ELIGIBLE,-0.07891541075747388,0.05916089028713951,-0.00955165597544628,2000,target_station,True
SPREAD,MID_SPREAD,Ridge,541,133,-0.019217154422910034,ELIGIBLE,-0.07673651240811846,0.042416387787844186,-0.01836952851597783,2000,target_station,True
SPREAD,LOW_SPREAD,Quality Rule,582,126,-0.01009727084938541,ELIGIBLE,-0.05139912625483395,0.032323207926449486,-0.009876384624431921,2000,target_station,True
SPREAD,LOW_SPREAD,XGBoost,582,126,-0.01801225476788326,ELIGIBLE,-0.06377366000529522,0.025358246047144893,-0.01830628941570909,2000,target_station,True
SPREAD,LOW_SPREAD,GRU,582,126,0.020922203209834348,ELIGIBLE,-0.022237753846697846,0.06708693743528009,0.021587747690480306,2000,target_station,True
SPREAD,LOW_SPREAD,Nearest,582,126,-0.0089424061713392,ELIGIBLE,-0.053928563311106174,0.037638838883601027,-0.009136019628440227,2000,target_station,True
SPREAD,LOW_SPREAD,Historical Best,582,126,0.006600433661098123,ELIGIBLE,-0.046592558676968175,0.0629887355401434,0.0071706152270568655,2000,target_station,True
SPREAD,LOW_SPREAD,Ridge,582,126,-0.03610108193700091,ELIGIBLE,-0.0807639139023537,0.008340521607585605,-0.03544071074148704,2000,target_station,True
QUALITY_LEVEL,MID_Q,Quality Rule,660,113,0.0505231281722352,ELIGIBLE,-0.002978577648713633,0.09929585987113083,0.05012989017757644,2000,target_station,True
QUALITY_LEVEL,MID_Q,XGBoost,660,113,0.0025267780789385626,ELIGIBLE,-0.05161702320059965,0.05458339003495535,0.0027727125628689404,2000,target_station,True
QUALITY_LEVEL,MID_Q,GRU,660,113,0.04156053527846684,ELIGIBLE,-0.007811743666672202,0.09893327321856202,0.04335396862431398,2000,target_station,True
QUALITY_LEVEL,MID_Q,Nearest,660,113,0.0019327767439725426,ELIGIBLE,-0.08016283026946161,0.08154845457689469,0.002872862783490991,2000,target_station,True
QUALITY_LEVEL,MID_Q,Historical Best,660,113,0.016127164405194436,ELIGIBLE,-0.06447949096741425,0.09318197372557115,0.017169563249645876,2000,target_station,True
QUALITY_LEVEL,MID_Q,Ridge,660,113,0.02712995372598401,ELIGIBLE,-0.017289591525987892,0.06983122733606255,0.027286997566449863,2000,target_station,True
QUALITY_LEVEL,LOW_Q,Quality Rule,275,38,-0.07183635452998335,ELIGIBLE,-0.18234134693823387,0.020638700091485117,-0.0729259796687729,2000,target_station,True
QUALITY_LEVEL,LOW_Q,XGBoost,275,38,-0.02813822496403276,ELIGIBLE,-0.13217429534986327,0.06704725718950401,-0.02941568271413908,2000,target_station,True
QUALITY_LEVEL,LOW_Q,GRU,275,38,-0.03491182141299827,ELIGIBLE,-0.12633841763418316,0.05030400331914439,-0.03727441382918802,2000,target_station,True
QUALITY_LEVEL,LOW_Q,Nearest,275,38,-0.031009486867849705,ELIGIBLE,-0.10898131939450328,0.04595954259148805,-0.031068286264681888,2000,target_station,True
QUALITY_LEVEL,LOW_Q,Historical Best,275,38,-0.04073063190920926,ELIGIBLE,-0.14134798755705355,0.05666854159623027,-0.04202477768095957,2000,target_station,True
QUALITY_LEVEL,LOW_Q,Ridge,275,38,-0.03160919240515682,ELIGIBLE,-0.11364425572307446,0.04876154488677232,-0.03176422723619428,2000,target_station,True
QUALITY_LEVEL,HIGH_Q,Quality Rule,496,82,-0.021701123989803135,ELIGIBLE,-0.08311746398022929,0.037724028825514226,-0.022987189377153362,2000,target_station,True
QUALITY_LEVEL,HIGH_Q,XGBoost,496,82,0.007110232522959892,ELIGIBLE,-0.041397670409515995,0.05957633190681761,0.006690955536873419,2000,target_station,True
QUALITY_LEVEL,HIGH_Q,GRU,496,82,-0.00258230679870399,ELIGIBLE,-0.061611431596343184,0.053265264936249286,-0.0028206590836987477,2000,target_station,True
QUALITY_LEVEL,HIGH_Q,Nearest,496,82,-0.07750566394292632,ELIGIBLE,-0.14665269786294793,-0.01153983930088081,-0.07823300362045753,2000,target_station,True
QUALITY_LEVEL,HIGH_Q,Historical Best,496,82,-0.017688126974628522,ELIGIBLE,-0.07307101604539173,0.03594384624298198,-0.01803492831846187,2000,target_station,True
QUALITY_LEVEL,HIGH_Q,Ridge,496,82,-0.061709773353922664,ELIGIBLE,-0.13153982675091222,0.005884037192986568,-0.0617488896664267,2000,target_station,True
QUALITY_HETEROGENEITY,HIGH_Q_HETEROGENEITY,Quality Rule,595,101,0.010559773333356741,ELIGIBLE,-0.039934001246164995,0.06053699539821769,0.011290490600909475,2000,target_station,True
QUALITY_HETEROGENEITY,HIGH_Q_HETEROGENEITY,XGBoost,595,101,0.0029153973012987122,ELIGIBLE,-0.043751419359453626,0.04994946933778902,0.0025589474849971026,2000,target_station,True
QUALITY_HETEROGENEITY,HIGH_Q_HETEROGENEITY,GRU,595,101,0.020150928014361635,ELIGIBLE,-0.03376422416715823,0.07552535549076766,0.019451560658569077,2000,target_station,True
QUALITY_HETEROGENEITY,HIGH_Q_HETEROGENEITY,Nearest,595,101,-0.08699779750777384,ELIGIBLE,-0.17252237653804425,0.0020511052398790434,-0.08458588322412831,2000,target_station,True
QUALITY_HETEROGENEITY,HIGH_Q_HETEROGENEITY,Historical Best,595,101,-0.03965913132241041,ELIGIBLE,-0.11412034921335551,0.03563774454249225,-0.037331007470345255,2000,target_station,True
QUALITY_HETEROGENEITY,HIGH_Q_HETEROGENEITY,Ridge,595,101,-0.01566725903860666,ELIGIBLE,-0.0743180534623784,0.034618337623639986,-0.01693861841426918,2000,target_station,True
QUALITY_HETEROGENEITY,MID_Q_HETEROGENEITY,Quality Rule,577,113,0.005168661496351471,ELIGIBLE,-0.05650372237733261,0.06365591125687341,0.004666330371988578,2000,target_station,True
QUALITY_HETEROGENEITY,MID_Q_HETEROGENEITY,XGBoost,577,113,-0.014560428507716305,ELIGIBLE,-0.07175433590960661,0.041415980816174425,-0.014298323266136595,2000,target_station,True
QUALITY_HETEROGENEITY,MID_Q_HETEROGENEITY,GRU,577,113,0.014116650121318934,ELIGIBLE,-0.03891941126477296,0.07059742410015633,0.014066078805050368,2000,target_station,True
QUALITY_HETEROGENEITY,MID_Q_HETEROGENEITY,Nearest,577,113,0.010111041137473164,ELIGIBLE,-0.046213806848664135,0.06405676301240269,0.00964914507860026,2000,target_station,True
QUALITY_HETEROGENEITY,MID_Q_HETEROGENEITY,Historical Best,577,113,0.027084911051852022,ELIGIBLE,-0.0290544300322516,0.0804773117269912,0.026148519942872463,2000,target_station,True
QUALITY_HETEROGENEITY,MID_Q_HETEROGENEITY,Ridge,577,113,-0.0155786068077934,ELIGIBLE,-0.06904428428390809,0.038594853020313465,-0.015474562022727305,2000,target_station,True
QUALITY_HETEROGENEITY,LOW_Q_HETEROGENEITY,Quality Rule,259,42,-0.02486051435426487,ELIGIBLE,-0.13196414819540045,0.07910819820910925,-0.025388410776666637,2000,target_station,True
QUALITY_HETEROGENEITY,LOW_Q_HETEROGENEITY,XGBoost,259,42,0.01591908437474181,ELIGIBLE,-0.09160418040394347,0.13006423299679304,0.014852138596362646,2000,target_station,True
QUALITY_HETEROGENEITY,LOW_Q_HETEROGENEITY,GRU,259,42,-0.013848382492238572,ELIGIBLE,-0.11092050334628391,0.08069574985843898,-0.014238438759632634,2000,target_station,True
QUALITY_HETEROGENEITY,LOW_Q_HETEROGENEITY,Nearest,259,42,0.0009066919979736511,ELIGIBLE,-0.09473494001121538,0.10461628748491568,0.001189480001083336,2000,target_station,True
QUALITY_HETEROGENEITY,LOW_Q_HETEROGENEITY,Historical Best,259,42,-0.005255277170287205,ELIGIBLE,-0.11587237910587811,0.1157452282313407,-0.0043945482099343475,2000,target_station,True
QUALITY_HETEROGENEITY,LOW_Q_HETEROGENEITY,Ridge,259,42,-0.011907068647670127,ELIGIBLE,-0.10422990325496571,0.08253975358116585,-0.011578914663174534,2000,target_station,True
VOLATILITY,MID_VOLATILITY,Quality Rule,544,121,0.008219555196359873,ELIGIBLE,-0.04808937792317843,0.06317528465500331,0.007507257292942507,2000,target_station,True
VOLATILITY,MID_VOLATILITY,XGBoost,544,121,-0.017795935156588033,ELIGIBLE,-0.07979745210526219,0.04552918241377325,-0.018006048199931166,2000,target_station,True
VOLATILITY,MID_VOLATILITY,GRU,544,121,0.0011316400768142535,ELIGIBLE,-0.0439158614352319,0.04979437514059351,0.0018952883280180784,2000,target_station,True
VOLATILITY,MID_VOLATILITY,Nearest,544,121,-0.037642003514849864,ELIGIBLE,-0.11706221052520989,0.03539059656490527,-0.03744468975175577,2000,target_station,True
VOLATILITY,MID_VOLATILITY,Historical Best,544,121,0.003691990313389097,ELIGIBLE,-0.06817548189063004,0.07464171562959557,0.0038737825715483135,2000,target_station,True
VOLATILITY,MID_VOLATILITY,Ridge,544,121,-0.005116355020486198,ELIGIBLE,-0.06208505909821746,0.04981774175311443,-0.005631125720548665,2000,target_station,True
VOLATILITY,HIGH_VOLATILITY,Quality Rule,751,150,-0.003816433010553066,ELIGIBLE,-0.058416238189150524,0.050509894827876885,-0.003233529448461977,2000,target_station,True
VOLATILITY,HIGH_VOLATILITY,XGBoost,751,150,0.011351910020850573,ELIGIBLE,-0.03352677896714138,0.05657848270925566,0.011245525494747425,2000,target_station,True
VOLATILITY,HIGH_VOLATILITY,GRU,751,150,0.022277719048173664,ELIGIBLE,-0.028995358128310757,0.07426686201395453,0.022740318299122313,2000,target_station,True
VOLATILITY,HIGH_VOLATILITY,Nearest,751,150,-0.029042323962398517,ELIGIBLE,-0.08602393794462256,0.024255526563679183,-0.02929232735839103,2000,target_station,True
VOLATILITY,HIGH_VOLATILITY,Historical Best,751,150,-0.007603246472184298,ELIGIBLE,-0.05934199613583623,0.04624663619778493,-0.007449377424712107,2000,target_station,True
VOLATILITY,HIGH_VOLATILITY,Ridge,751,150,-0.015022334685992124,ELIGIBLE,-0.06828195398658894,0.03676180054622391,-0.014524755380351199,2000,target_station,True
VOLATILITY,LOW_VOLATILITY,Quality Rule,136,29,0.008979505610978208,ELIGIBLE,-0.04154898272537594,0.07226692730623135,0.01006010080132798,2000,target_station,True
VOLATILITY,LOW_VOLATILITY,XGBoost,136,29,-0.010205578691884886,ELIGIBLE,-0.11301929933289717,0.08075109918260572,-0.01036576048716321,2000,target_station,True
VOLATILITY,LOW_VOLATILITY,GRU,136,29,-0.005866183705212961,ELIGIBLE,-0.14664850174534672,0.12832560890976316,-0.006336874026049551,2000,target_station,True
VOLATILITY,LOW_VOLATILITY,Nearest,136,29,-0.025049634893298745,ELIGIBLE,-0.10511402235103115,0.04338108595942135,-0.02385385269804852,2000,target_station,True
VOLATILITY,LOW_VOLATILITY,Historical Best,136,29,-0.041387579977156135,ELIGIBLE,-0.17822929450631927,0.10918786372844254,-0.04000670881948657,2000,target_station,True
VOLATILITY,LOW_VOLATILITY,Ridge,136,29,-0.053895114378601,ELIGIBLE,-0.17096339801941618,0.06881537442212443,-0.052716651847482296,2000,target_station,True
DISTANCE,MEDIUM,Quality Rule,424,54,0.008800004329271175,ELIGIBLE,-0.06930262146888963,0.07562585594679595,0.00752024298816486,2000,target_station,True
DISTANCE,MEDIUM,XGBoost,424,54,0.02013174472172406,ELIGIBLE,-0.053856368976745866,0.0956260975000168,0.01967507598886262,2000,target_station,True
DISTANCE,MEDIUM,GRU,424,54,0.016098776151465426,ELIGIBLE,-0.058496183966885926,0.09328886821221535,0.016973935009731874,2000,target_station,True
DISTANCE,MEDIUM,Nearest,424,54,-0.03067143433021915,ELIGIBLE,-0.1408215212253602,0.08552551970920912,-0.027880333651269438,2000,target_station,True
DISTANCE,MEDIUM,Historical Best,424,54,-0.011415025517636694,ELIGIBLE,-0.11958625040568471,0.09523311795482098,-0.008293302662157961,2000,target_station,True
DISTANCE,MEDIUM,Ridge,424,54,0.024478860397660715,ELIGIBLE,-0.05453083957121534,0.09437761326352133,0.02341305196029197,2000,target_station,True
DISTANCE,NEAR,Quality Rule,470,68,0.018923672543507783,ELIGIBLE,-0.05761068261523054,0.09488081175993042,0.018497830669748878,2000,target_station,True
DISTANCE,NEAR,XGBoost,470,68,0.0099326655143193,ELIGIBLE,-0.049850545701285796,0.06798168846407984,0.009777827778806371,2000,target_station,True
DISTANCE,NEAR,GRU,470,68,0.02670420739987032,ELIGIBLE,-0.03500111294720807,0.09051888681413094,0.026912489220362174,2000,target_station,True
DISTANCE,NEAR,Nearest,470,68,0.011997586482218355,ELIGIBLE,-0.055052421753865155,0.07468065532292957,0.012090304355008461,2000,target_station,True
DISTANCE,NEAR,Historical Best,470,68,0.03154399358256155,ELIGIBLE,-0.041110526745250904,0.10180042267105495,0.030686962893685978,2000,target_station,True
DISTANCE,NEAR,Ridge,470,68,-0.035874901254332965,ELIGIBLE,-0.10812182587025378,0.0350798875836689,-0.03664433428154128,2000,target_station,True
DISTANCE,FAR,Quality Rule,537,49,-0.018247333951717282,ELIGIBLE,-0.07966753788054642,0.03060417885451917,-0.018984712965052962,2000,target_station,True
DISTANCE,FAR,XGBoost,537,49,-0.02932565280328216,ELIGIBLE,-0.08538113957660783,0.025061636504562914,-0.030344697833261648,2000,target_station,True
DISTANCE,FAR,GRU,537,49,-0.005267188720864026,ELIGIBLE,-0.05049238376394869,0.042226891551477415,-0.00480121769833028,2000,target_station,True
DISTANCE,FAR,Nearest,537,49,-0.07137609505392542,ELIGIBLE,-0.13903849635734986,-0.011726620394603263,-0.07232986196603244,2000,target_station,True
DISTANCE,FAR,Historical Best,537,49,-0.03597022795408925,ELIGIBLE,-0.09403978918381801,0.020601515078378988,-0.036348912475956625,2000,target_station,True
DISTANCE,FAR,Ridge,537,49,-0.027770277942059524,ELIGIBLE,-0.07224287671813734,0.013061229857959341,-0.027887418747308372,2000,target_station,True
PEAK_OFFPEAK,OFF_PEAK,Quality Rule,1413,171,-0.0008387676322734773,ELIGIBLE,-0.04164593862783806,0.03894259124760447,-0.0011865122733640385,2000,target_station,True
PEAK_OFFPEAK,OFF_PEAK,XGBoost,1413,171,-0.0017462585196314213,ELIGIBLE,-0.0343730694141917,0.03406104002296293,-0.0013662916424897233,2000,target_station,True
PEAK_OFFPEAK,OFF_PEAK,GRU,1413,171,0.011313575316652722,ELIGIBLE,-0.023319019419426674,0.04725331640072452,0.012222336092923893,2000,target_station,True
PEAK_OFFPEAK,OFF_PEAK,Nearest,1413,171,-0.02984230040325663,ELIGIBLE,-0.0775894843130561,0.015967007098796615,-0.02869824702526428,2000,target_station,True
PEAK_OFFPEAK,OFF_PEAK,Historical Best,1413,171,-0.006696544352822593,ELIGIBLE,-0.05565185856552765,0.039576433556137235,-0.006055153114885055,2000,target_station,True
PEAK_OFFPEAK,OFF_PEAK,Ridge,1413,171,-0.017338575351279466,ELIGIBLE,-0.054301374145979964,0.018302949572255384,-0.017356762550771683,2000,target_station,True
PEAK_OFFPEAK,PEAK,Quality Rule,18,3,,INSUFFICIENT_FOR_BOOTSTRAP,,,,0,target_station,True
PEAK_OFFPEAK,PEAK,XGBoost,18,3,,INSUFFICIENT_FOR_BOOTSTRAP,,,,0,target_station,True
PEAK_OFFPEAK,PEAK,GRU,18,3,,INSUFFICIENT_FOR_BOOTSTRAP,,,,0,target_station,True
PEAK_OFFPEAK,PEAK,Nearest,18,3,,INSUFFICIENT_FOR_BOOTSTRAP,,,,0,target_station,True
PEAK_OFFPEAK,PEAK,Historical Best,18,3,,INSUFFICIENT_FOR_BOOTSTRAP,,,,0,target_station,True
PEAK_OFFPEAK,PEAK,Ridge,18,3,,INSUFFICIENT_FOR_BOOTSTRAP,,,,0,target_station,True
PEAK_DETAIL,OFF_PEAK,Quality Rule,1413,171,-0.0008387676322734773,ELIGIBLE,-0.04164593862783806,0.03894259124760447,-0.0011865122733640385,2000,target_station,True
PEAK_DETAIL,OFF_PEAK,XGBoost,1413,171,-0.0017462585196314213,ELIGIBLE,-0.0343730694141917,0.03406104002296293,-0.0013662916424897233,2000,target_station,True
PEAK_DETAIL,OFF_PEAK,GRU,1413,171,0.011313575316652722,ELIGIBLE,-0.023319019419426674,0.04725331640072452,0.012222336092923893,2000,target_station,True
PEAK_DETAIL,OFF_PEAK,Nearest,1413,171,-0.02984230040325663,ELIGIBLE,-0.0775894843130561,0.015967007098796615,-0.02869824702526428,2000,target_station,True
PEAK_DETAIL,OFF_PEAK,Historical Best,1413,171,-0.006696544352822593,ELIGIBLE,-0.05565185856552765,0.039576433556137235,-0.006055153114885055,2000,target_station,True
PEAK_DETAIL,OFF_PEAK,Ridge,1413,171,-0.017338575351279466,ELIGIBLE,-0.054301374145979964,0.018302949572255384,-0.017356762550771683,2000,target_station,True
PEAK_DETAIL,PM_PEAK,Quality Rule,18,3,,INSUFFICIENT_FOR_BOOTSTRAP,,,,0,target_station,True
PEAK_DETAIL,PM_PEAK,XGBoost,18,3,,INSUFFICIENT_FOR_BOOTSTRAP,,,,0,target_station,True
PEAK_DETAIL,PM_PEAK,GRU,18,3,,INSUFFICIENT_FOR_BOOTSTRAP,,,,0,target_station,True
PEAK_DETAIL,PM_PEAK,Nearest,18,3,,INSUFFICIENT_FOR_BOOTSTRAP,,,,0,target_station,True
PEAK_DETAIL,PM_PEAK,Historical Best,18,3,,INSUFFICIENT_FOR_BOOTSTRAP,,,,0,target_station,True
PEAK_DETAIL,PM_PEAK,Ridge,18,3,,INSUFFICIENT_FOR_BOOTSTRAP,,,,0,target_station,True
WEEKDAY_WEEKEND,WEEKEND,Quality Rule,1021,161,-0.016723169954378277,ELIGIBLE,-0.06445459686914697,0.031567593747455075,-0.01673139790554481,2000,target_station,True
WEEKDAY_WEEKEND,WEEKEND,XGBoost,1021,161,-0.009607950866897166,ELIGIBLE,-0.05649219990748615,0.03682916343645346,-0.00898328994390427,2000,target_station,True
WEEKDAY_WEEKEND,WEEKEND,GRU,1021,161,0.011742238490475766,ELIGIBLE,-0.03331091939756504,0.059692381105740516,0.012023247545681286,2000,target_station,True
WEEKDAY_WEEKEND,WEEKEND,Nearest,1021,161,-0.01852530268404471,ELIGIBLE,-0.06891110495235776,0.03372064850138638,-0.018378716200769526,2000,target_station,True
WEEKDAY_WEEKEND,WEEKEND,Historical Best,1021,161,0.0005213411352289289,ELIGIBLE,-0.048885182888033986,0.04876961594551047,0.0001930316742315726,2000,target_station,True
WEEKDAY_WEEKEND,WEEKEND,Ridge,1021,161,-0.020952363086803948,ELIGIBLE,-0.06543989815149312,0.02334478846064992,-0.020454405370230633,2000,target_station,True
WEEKDAY_WEEKEND,WEEKDAY,Quality Rule,410,166,0.048538697859530903,ELIGIBLE,0.0011402146206921926,0.09480861256895173,0.04897129648712895,2000,target_station,True
WEEKDAY_WEEKEND,WEEKDAY,XGBoost,410,166,0.017722084959708687,ELIGIBLE,-0.028631213159894423,0.0635906005901667,0.017970587658293718,2000,target_station,True
WEEKDAY_WEEKEND,WEEKDAY,GRU,410,166,0.011120860303123545,ELIGIBLE,-0.03934859329509241,0.05615450180325907,0.011060066244758098,2000,target_station,True
WEEKDAY_WEEKEND,WEEKDAY,Nearest,410,166,-0.06531817442175267,ELIGIBLE,-0.14714309730454941,0.02694048247922091,-0.061884484574525916,2000,target_station,True
WEEKDAY_WEEKEND,WEEKDAY,Historical Best,410,166,-0.024055111088021216,ELIGIBLE,-0.09946848176413421,0.0662950212533906,-0.020384789729462064,2000,target_station,True
WEEKDAY_WEEKEND,WEEKDAY,Ridge,410,166,-5.959327286566779e-06,ELIGIBLE,-0.054057436168966716,0.05046522366364091,-0.000521560699541292,2000,target_station,True
