horizon,split,quality_bin,samples,unique_stations
H30,TRAIN,Q0,14764,357
H30,TRAIN,Q1,389,71
H30,TRAIN,Q2,7833,230
H30,TRAIN,Q3,2699,40
H30,TRAIN,Q4,0,0
H30,TRAIN,Q5,8680441,392
H30,VALIDATION,Q0,1599,191
H30,VALIDATION,Q1,37,12
H30,VALIDATION,Q2,1462,85
H30,VALIDATION,Q3,558,14
H30,VALIDATION,Q4,0,0
H30,VALIDATION,Q5,1502105,212
H30,TEST,Q0,2214,233
H30,TEST,Q1,144,30
H30,TEST,Q2,2944,112
H30,TEST,Q3,896,19
H30,TEST,Q4,0,0
H30,TEST,Q5,3233529,256
H60,TRAIN,Q0,27404,357
H60,TRAIN,Q1,713,72
H60,TRAIN,Q2,12642,231
H60,TRAIN,Q3,4079,40
H60,TRAIN,Q4,0,0
H60,TRAIN,Q5,8659524,392
H60,VALIDATION,Q0,2512,191
H60,VALIDATION,Q1,61,12
H60,VALIDATION,Q2,2387,85
H60,VALIDATION,Q3,780,14
H60,VALIDATION,Q4,0,0
H60,VALIDATION,Q5,1498959,212
H60,TEST,Q0,3033,231
H60,TEST,Q1,272,31
H60,TEST,Q2,4738,112
H60,TEST,Q3,1307,19
H60,TEST,Q4,0,0
H60,TEST,Q5,3229285,256
