method,N,MAE,RMSE,sMAPE,median_absolute_error,p90_absolute_error,p95_absolute_error,mae_improvement_vs_nearest_pct,mae_improvement_vs_historical_best_pct,delta_MAE_JEV_minus_method
GRU,171,3.6060724983438415,4.893275839993689,5.782589250236427,2.7491912841796875,7.876365661621094,11.36446762084961,14.770850120246248,15.711421030186095,-0.0793840285630254
Historical Best,171,4.278245691667523,5.58409543728933,6.857611599013281,3.6299362182617188,9.26551437377929,11.861394882202148,-1.1158936613188046,0.0,-0.7515572218867073
JEV v1.0,171,3.526688469780816,4.962599855040574,5.890781347338989,2.1846923828125,9.175006866455078,11.569652557373047,16.647083410498755,17.566948605837883,0.0
Nearest,171,4.231031875164188,5.3382586795403135,6.782777767377256,3.5745697021484375,9.175006866455078,11.25200080871582,0.0,1.1035788943886693,-0.7043434053833719
Quality Rule,171,3.104612227768926,4.401099217839196,4.9905443757167856,1.7884902954101562,7.766017913818359,9.484308242797855,26.622811659899178,27.43258682371635,0.4220762420118902
Ridge,171,3.1981801261678773,4.497516494888344,5.122828715712788,2.0630264282226562,7.755794525146484,9.704378128051758,24.411344075639473,25.245524528972783,0.3285083436129388
STEP2A_AE_ORACLE_REFERENCE,171,2.1451103031983854,3.2560727338447797,3.47659605226147,1.0536956787109375,5.94207763671875,7.2715301513671875,49.30054023487727,49.86004877241424,1.3815781665824307
XGBoost,171,3.4752027054279173,4.874105840755308,5.584884732639643,2.1846923828125,9.175006866455078,11.257162094116211,17.863944116633256,18.770380294045374,0.051485764352898755
OWN_HISTORY_REFERENCE,171,3.4863675435384116,4.6528471427781914,5.552981376647949,2.6581649780273438,7.556068420410156,9.963109970092773,,,0.040320926242404465
