method,repeat,fit_seconds,baseline_rss_bytes,peak_rss_bytes,incremental_peak_rss_bytes
JEV v1.0,1,1.8104457000008551,786280448,786280448,0
JEV v1.0,2,1.7059224999975413,742752256,744226816,1474560
JEV v1.0,3,1.7165958999976283,742752256,744226816,1474560
JEV v1.0,4,1.6879111000016565,741703680,743178240,1474560
JEV v1.0,5,1.6665975999931106,741703680,743178240,1474560
Ridge,1,0.12457590000121854,741691392,795344896,53653504
Ridge,2,0.10513219999847934,731762688,796852224,65089536
Ridge,3,0.107607600002666,731762688,783233024,51470336
Ridge,4,0.11367340000288095,731762688,796852224,65089536
Ridge,5,0.11490419998881407,731762688,795369472,63606784
XGBoost,1,0.7694107999996049,731762688,842117120,110354432
XGBoost,2,0.6294734999974025,827056128,878526464,51470336
XGBoost,3,0.6324018000013893,828203008,892407808,64204800
GRU,1,86.5909079000121,829186048,921550848,92364800
Historical Best,1,0.002434699999867007,877883392,879513600,1630208
Nearest,1,0.0,879509504,879509504,0
Quality Rule,1,0.0,879509504,879509504,0
