boundary_dimension,stratum,baseline,N,unique_stations,DeltaMAE_XGBEvaluator,DeltaMAE_GRUEvaluator,direction_XGB,direction_GRU,direction_consistent,evaluator_sensitive
TIE_SEPARATION,NEAR_TIE,Quality Rule,104,5,0.231840830582839,0.0982644594679618,BASELINE_LOWER,BASELINE_LOWER,True,False
TIE_SEPARATION,NEAR_TIE,XGBoost,104,5,-0.014753121596116081,-0.014511643812912478,JEV_LOWER,JEV_LOWER,True,False
TIE_SEPARATION,NEAR_TIE,GRU,104,5,-0.17773287112896252,-0.10795074195744414,JEV_LOWER,JEV_LOWER,True,False
TIE_SEPARATION,NEAR_TIE,Nearest,104,5,-0.24477206743680524,-0.04878887458214365,JEV_LOWER,JEV_LOWER,True,False
TIE_SEPARATION,NEAR_TIE,Historical Best,104,5,-0.25189227324265673,-0.08301601118821322,JEV_LOWER,JEV_LOWER,True,False
SPREAD,HIGH_SPREAD,Quality Rule,81,5,0.7843171107916183,0.14296288367452714,BASELINE_LOWER,BASELINE_LOWER,True,False
SPREAD,HIGH_SPREAD,XGBoost,81,5,0.08773902610496176,0.44795674787205897,BASELINE_LOWER,BASELINE_LOWER,True,False
SPREAD,HIGH_SPREAD,GRU,81,5,-0.21117867363823795,-0.1293866569794071,JEV_LOWER,JEV_LOWER,True,False
SPREAD,HIGH_SPREAD,Nearest,81,5,-1.1554654439290362,0.3212919356131847,JEV_LOWER,BASELINE_LOWER,False,True
SPREAD,HIGH_SPREAD,Historical Best,81,5,-1.472368970329379,0.1618251676251452,JEV_LOWER,BASELINE_LOWER,False,True
QUALITY_LEVEL,MID_Q,Quality Rule,92,4,0.5814207740451984,-0.23169748856784977,BASELINE_LOWER,JEV_LOWER,False,True
QUALITY_LEVEL,MID_Q,XGBoost,92,4,0.02464518339737598,-0.030652651048743262,BASELINE_LOWER,JEV_LOWER,False,True
QUALITY_LEVEL,MID_Q,GRU,92,4,-0.2205210975978682,-0.4378919428392489,JEV_LOWER,JEV_LOWER,True,False
QUALITY_LEVEL,MID_Q,Nearest,92,4,-1.199097923610521,-0.0705113238366164,JEV_LOWER,JEV_LOWER,True,False
QUALITY_LEVEL,MID_Q,Historical Best,92,4,-1.3243864308232842,-0.21356635925823753,JEV_LOWER,JEV_LOWER,True,False
QUALITY_HETEROGENEITY,MID_Q_HETEROGENEITY,Quality Rule,128,4,0.5145172476768494,0.04578324791336108,BASELINE_LOWER,BASELINE_LOWER,True,False
QUALITY_HETEROGENEITY,MID_Q_HETEROGENEITY,XGBoost,128,4,0.08013132214546204,0.07931535109329246,BASELINE_LOWER,BASELINE_LOWER,True,False
QUALITY_HETEROGENEITY,MID_Q_HETEROGENEITY,GRU,128,4,-0.08413898944854736,-0.14936155515670757,JEV_LOWER,JEV_LOWER,True,False
QUALITY_HETEROGENEITY,MID_Q_HETEROGENEITY,Nearest,128,4,-0.9903090000152588,0.00932766399765006,JEV_LOWER,BASELINE_LOWER,False,True
QUALITY_HETEROGENEITY,MID_Q_HETEROGENEITY,Historical Best,128,4,-0.973377913236618,-0.052025996295928856,JEV_LOWER,JEV_LOWER,True,False
VOLATILITY,HIGH_VOLATILITY,Quality Rule,68,5,0.3267924364875343,-0.420401903270049,BASELINE_LOWER,JEV_LOWER,False,True
VOLATILITY,HIGH_VOLATILITY,XGBoost,68,5,-0.009113760555491623,-0.10269984292423029,JEV_LOWER,JEV_LOWER,True,False
VOLATILITY,HIGH_VOLATILITY,GRU,68,5,-0.10534482843735615,-0.5022677229937385,JEV_LOWER,JEV_LOWER,True,False
VOLATILITY,HIGH_VOLATILITY,Nearest,68,5,-0.6016214034136604,-0.021328120052563015,JEV_LOWER,JEV_LOWER,True,False
VOLATILITY,HIGH_VOLATILITY,Historical Best,68,5,-0.7092846702126892,-0.37871244814884086,JEV_LOWER,JEV_LOWER,True,False
DISTANCE,NEAR,Quality Rule,116,3,0.5631725705903152,0.15134068646029863,BASELINE_LOWER,BASELINE_LOWER,True,False
DISTANCE,NEAR,XGBoost,116,3,0.1902296460908035,0.33130185976646853,BASELINE_LOWER,BASELINE_LOWER,True,False
DISTANCE,NEAR,GRU,116,3,0.00455576798011581,0.01942404124713981,BASELINE_LOWER,BASELINE_LOWER,True,False
DISTANCE,NEAR,Nearest,116,3,-0.7993556384382572,0.3386234373526751,JEV_LOWER,BASELINE_LOWER,False,True
DISTANCE,NEAR,Historical Best,116,3,-1.0728786731588427,-0.03298983984795978,JEV_LOWER,JEV_LOWER,True,False
WEEKDAY_WEEKEND,WEEKDAY,Quality Rule,135,5,0.42025089970341467,0.051050369158708975,BASELINE_LOWER,BASELINE_LOWER,True,False
WEEKDAY_WEEKEND,WEEKDAY,XGBoost,135,5,0.13912896050347223,0.09768193327184616,BASELINE_LOWER,BASELINE_LOWER,True,False
WEEKDAY_WEEKEND,WEEKDAY,GRU,135,5,0.12329045048466458,0.012314280269819733,BASELINE_LOWER,BASELINE_LOWER,True,False
WEEKDAY_WEEKEND,WEEKDAY,Nearest,135,5,-0.8466934769241901,-0.0362480741355613,JEV_LOWER,JEV_LOWER,True,False
WEEKDAY_WEEKEND,WEEKDAY,Historical Best,135,5,-0.6413779647262006,0.023710598021555285,JEV_LOWER,BASELINE_LOWER,False,True
TIE_SEPARATION,CLEAR_SEPARATION,Quality Rule,67,5,0.7173670299017609,0.050848596242421884,BASELINE_LOWER,BASELINE_LOWER,True,False
TIE_SEPARATION,CLEAR_SEPARATION,XGBoost,67,5,0.15430433358719142,0.26811961039529075,BASELINE_LOWER,BASELINE_LOWER,True,False
TIE_SEPARATION,CLEAR_SEPARATION,GRU,67,5,0.07327686139007161,-0.10835881935051095,BASELINE_LOWER,JEV_LOWER,False,True
TIE_SEPARATION,CLEAR_SEPARATION,Nearest,67,5,-1.4177078702556551,0.2094639992274958,JEV_LOWER,BASELINE_LOWER,False,True
TIE_SEPARATION,CLEAR_SEPARATION,Historical Best,67,5,-1.5271565451550835,-0.060038153116255266,JEV_LOWER,JEV_LOWER,True,False
PEAK_OFFPEAK,OFF_PEAK,Quality Rule,153,5,0.20352885925691888,0.0609895500344666,BASELINE_LOWER,BASELINE_LOWER,True,False
PEAK_OFFPEAK,OFF_PEAK,XGBoost,153,5,0.021814234116498188,-0.05268606366804596,BASELINE_LOWER,JEV_LOWER,False,True
PEAK_OFFPEAK,OFF_PEAK,GRU,153,5,-0.17896038878197773,-0.1264184028607538,JEV_LOWER,JEV_LOWER,True,False
PEAK_OFFPEAK,OFF_PEAK,Nearest,153,5,-0.7298340392268563,-0.003702344375511313,JEV_LOWER,JEV_LOWER,True,False
PEAK_OFFPEAK,OFF_PEAK,Historical Best,153,5,-0.8562024683734171,-0.2283403329950473,JEV_LOWER,JEV_LOWER,True,False
PEAK_DETAIL,OFF_PEAK,Quality Rule,153,5,0.20352885925691888,0.0609895500344666,BASELINE_LOWER,BASELINE_LOWER,True,False
PEAK_DETAIL,OFF_PEAK,XGBoost,153,5,0.021814234116498188,-0.05268606366804596,BASELINE_LOWER,JEV_LOWER,False,True
PEAK_DETAIL,OFF_PEAK,GRU,153,5,-0.17896038878197773,-0.1264184028607538,JEV_LOWER,JEV_LOWER,True,False
PEAK_DETAIL,OFF_PEAK,Nearest,153,5,-0.7298340392268563,-0.003702344375511313,JEV_LOWER,JEV_LOWER,True,False
PEAK_DETAIL,OFF_PEAK,Historical Best,153,5,-0.8562024683734171,-0.2283403329950473,JEV_LOWER,JEV_LOWER,True,False
WEEKDAY_WEEKEND,WEEKEND,Quality Rule,36,5,0.42892127566867444,0.18707110823567774,BASELINE_LOWER,BASELINE_LOWER,True,False
WEEKDAY_WEEKEND,WEEKEND,XGBoost,36,5,-0.277176221211751,0.09077060967339445,JEV_LOWER,BASELINE_LOWER,False,True
WEEKDAY_WEEKEND,WEEKEND,GRU,36,5,-0.8394133249918618,-0.559704052680122,JEV_LOWER,JEV_LOWER,True,False
WEEKDAY_WEEKEND,WEEKEND,Nearest,36,5,-0.17053063710530525,0.38482041666666644,JEV_LOWER,BASELINE_LOWER,False,True
WEEKDAY_WEEKEND,WEEKEND,Historical Best,36,5,-1.1647294362386065,-0.4404764487575963,JEV_LOWER,JEV_LOWER,True,False
SPREAD,MID_SPREAD,Quality Rule,37,5,0.34583457740577517,0.17888813653399538,BASELINE_LOWER,BASELINE_LOWER,True,False
SPREAD,MID_SPREAD,XGBoost,37,5,-0.054918959334089745,-0.18960872553314978,JEV_LOWER,JEV_LOWER,True,False
SPREAD,MID_SPREAD,GRU,37,5,0.06585518089500653,-0.10108551211465411,BASELINE_LOWER,JEV_LOWER,False,True
SPREAD,MID_SPREAD,Nearest,37,5,-0.518367664234058,-0.3743217553578977,JEV_LOWER,JEV_LOWER,True,False
SPREAD,MID_SPREAD,Historical Best,37,5,0.0015201053103885975,0.003664002797719945,BASELINE_LOWER,BASELINE_LOWER,True,False
VOLATILITY,MID_VOLATILITY,Quality Rule,64,5,0.7835825085639954,0.6041647680511479,BASELINE_LOWER,BASELINE_LOWER,True,False
VOLATILITY,MID_VOLATILITY,XGBoost,64,5,0.2454330325126648,0.3368059259185796,BASELINE_LOWER,BASELINE_LOWER,True,False
VOLATILITY,MID_VOLATILITY,GRU,64,5,0.004569947719573975,0.2435238453674322,BASELINE_LOWER,BASELINE_LOWER,True,False
VOLATILITY,MID_VOLATILITY,Nearest,64,5,-1.0015140175819397,0.05574209617614789,JEV_LOWER,BASELINE_LOWER,False,True
VOLATILITY,MID_VOLATILITY,Historical Best,64,5,-1.0172853469848633,0.3627312508087166,JEV_LOWER,BASELINE_LOWER,False,True
VOLATILITY,LOW_VOLATILITY,Quality Rule,39,2,-0.005028944749098763,0.09095241025640988,JEV_LOWER,BASELINE_LOWER,False,True
VOLATILITY,LOW_VOLATILITY,XGBoost,39,2,-0.1611259656074724,0.048277256410255376,JEV_LOWER,BASELINE_LOWER,False,True
VOLATILITY,LOW_VOLATILITY,GRU,39,2,-0.17188967191256044,0.002096435897435356,JEV_LOWER,BASELINE_LOWER,False,True
VOLATILITY,LOW_VOLATILITY,Nearest,39,2,-0.3957838400816307,0.17545802564102608,JEV_LOWER,BASELINE_LOWER,False,True
VOLATILITY,LOW_VOLATILITY,Historical Best,39,2,-0.3891965425931492,-0.25945064102564164,JEV_LOWER,JEV_LOWER,True,False
QUALITY_LEVEL,HIGH_Q,Quality Rule,36,2,0.3435415691799584,0.7549006855875651,BASELINE_LOWER,BASELINE_LOWER,True,False
QUALITY_LEVEL,HIGH_Q,XGBoost,36,2,0.2219292322794595,0.3603446899007139,BASELINE_LOWER,BASELINE_LOWER,True,False
QUALITY_LEVEL,HIGH_Q,GRU,36,2,0.2643930647108288,0.5879938800320077,BASELINE_LOWER,BASELINE_LOWER,True,False
QUALITY_LEVEL,HIGH_Q,Nearest,36,2,-0.4567373063829212,0.21336063290744267,JEV_LOWER,BASELINE_LOWER,False,True
QUALITY_LEVEL,HIGH_Q,Historical Best,36,2,-0.07635614607069252,0.3607993757188561,JEV_LOWER,BASELINE_LOWER,False,True
DISTANCE,MEDIUM,Quality Rule,55,2,0.12449125810103001,-0.07143927084516988,BASELINE_LOWER,JEV_LOWER,False,True
DISTANCE,MEDIUM,XGBoost,55,2,-0.24113769531249973,-0.3995675053267045,JEV_LOWER,JEV_LOWER,True,False
DISTANCE,MEDIUM,GRU,55,2,-0.25642069036310344,-0.37709285172230067,JEV_LOWER,JEV_LOWER,True,False
DISTANCE,MEDIUM,Nearest,55,2,-0.5039539683948862,-0.5512777043856538,JEV_LOWER,JEV_LOWER,True,False
DISTANCE,MEDIUM,Historical Best,55,2,-0.07386107011274867,-0.16053454545454549,JEV_LOWER,JEV_LOWER,True,False
SPREAD,LOW_SPREAD,Quality Rule,53,4,-0.07831184819059533,-0.08627348861291306,JEV_LOWER,JEV_LOWER,True,False
SPREAD,LOW_SPREAD,XGBoost,53,4,0.07036237896613295,-0.2417768074145048,BASELINE_LOWER,JEV_LOWER,False,True
SPREAD,LOW_SPREAD,GRU,53,4,0.020644565798201064,-0.0804987716317811,BASELINE_LOWER,JEV_LOWER,False,True
SPREAD,LOW_SPREAD,Nearest,53,4,-0.14472486388008532,-0.06065465744767096,JEV_LOWER,JEV_LOWER,True,False
SPREAD,LOW_SPREAD,Historical Best,53,4,-0.17567249514021954,-0.48867222836822144,JEV_LOWER,JEV_LOWER,True,False
QUALITY_LEVEL,LOW_Q,Quality Rule,43,1,0.14690301584642995,0.18060706976744267,BASELINE_LOWER,BASELINE_LOWER,True,False
QUALITY_LEVEL,LOW_Q,XGBoost,43,1,-0.03378473326217257,0.146568325581395,JEV_LOWER,BASELINE_LOWER,False,True
QUALITY_LEVEL,LOW_Q,GRU,43,1,-0.06522972639216906,0.014682813953489138,JEV_LOWER,BASELINE_LOWER,False,True
QUALITY_LEVEL,LOW_Q,Nearest,43,1,0.14690301584642995,0.18060706976744267,BASELINE_LOWER,BASELINE_LOWER,True,False
QUALITY_LEVEL,LOW_Q,Historical Best,43,1,-0.09125376856604284,-0.1394626487554511,JEV_LOWER,JEV_LOWER,True,False
QUALITY_HETEROGENEITY,LOW_Q_HETEROGENEITY,Quality Rule,43,1,0.14690301584642995,0.18060706976744267,BASELINE_LOWER,BASELINE_LOWER,True,False
QUALITY_HETEROGENEITY,LOW_Q_HETEROGENEITY,XGBoost,43,1,-0.03378473326217257,0.146568325581395,JEV_LOWER,BASELINE_LOWER,False,True
QUALITY_HETEROGENEITY,LOW_Q_HETEROGENEITY,GRU,43,1,-0.06522972639216906,0.014682813953489138,JEV_LOWER,BASELINE_LOWER,False,True
QUALITY_HETEROGENEITY,LOW_Q_HETEROGENEITY,Nearest,43,1,0.14690301584642995,0.18060706976744267,BASELINE_LOWER,BASELINE_LOWER,True,False
QUALITY_HETEROGENEITY,LOW_Q_HETEROGENEITY,Historical Best,43,1,-0.09125376856604284,-0.1394626487554511,JEV_LOWER,JEV_LOWER,True,False
