original_filename,original_relative_path,original_size_bytes,original_size_mib,original_sha256,part_filename,part_number,part_size_bytes,part_size_mib,part_sha256,reconstruction_verified,notes
13_PERCENT_OBSERVED_SEMANTICS.zip,Caltrans PeMS/00_DATA_AUDIT/13_PERCENT_OBSERVED_SEMANTICS.zip,299234444,285.372204,d9cb5887bcac793478281a368e7d35a0bd14b1ace76ebcd04aa701542fb4d7bd,13_PERCENT_OBSERVED_SEMANTICS.zip.part001,1,83886080,80.0,dfdd2ff1c8eb8efe667d6982c123966675ac7ec00cacca1af26e5893299ad556,True,Byte-level binary split of destination archive copy.
13_PERCENT_OBSERVED_SEMANTICS.zip,Caltrans PeMS/00_DATA_AUDIT/13_PERCENT_OBSERVED_SEMANTICS.zip,299234444,285.372204,d9cb5887bcac793478281a368e7d35a0bd14b1ace76ebcd04aa701542fb4d7bd,13_PERCENT_OBSERVED_SEMANTICS.zip.part002,2,83886080,80.0,4cc64abd848e5297e4c1147c3049722ef02a9b84584457507122e9f68a978298,True,Byte-level binary split of destination archive copy.
13_PERCENT_OBSERVED_SEMANTICS.zip,Caltrans PeMS/00_DATA_AUDIT/13_PERCENT_OBSERVED_SEMANTICS.zip,299234444,285.372204,d9cb5887bcac793478281a368e7d35a0bd14b1ace76ebcd04aa701542fb4d7bd,13_PERCENT_OBSERVED_SEMANTICS.zip.part003,3,83886080,80.0,b961a41063e3e83c4c27387561678f6cd35aaf7394c7724986dfa30a5657bcf7,True,Byte-level binary split of destination archive copy.
13_PERCENT_OBSERVED_SEMANTICS.zip,Caltrans PeMS/00_DATA_AUDIT/13_PERCENT_OBSERVED_SEMANTICS.zip,299234444,285.372204,d9cb5887bcac793478281a368e7d35a0bd14b1ace76ebcd04aa701542fb4d7bd,13_PERCENT_OBSERVED_SEMANTICS.zip.part004,4,47576204,45.372204,849fd56bcd5373eca23d878c257c13163c70276746bf9488043d65a389dbac1c,True,Byte-level binary split of destination archive copy.
test.parquet,Caltrans PeMS/02_FORECASTING_DATASET_FREEZE/01_H30/test.parquet,260718867,248.640887,c278ab9ebccbf6410610cf5bbdfc59f21956febcd7fcf192a8ba49b989b569fd,test__01_H30.parquet.part001,1,83886080,80.0,f2eff13d18d96cbd72e8f9256a5a6ab122e24af3587a147024b763f3d96248b3,True,Byte-level binary split of destination archive copy.
test.parquet,Caltrans PeMS/02_FORECASTING_DATASET_FREEZE/01_H30/test.parquet,260718867,248.640887,c278ab9ebccbf6410610cf5bbdfc59f21956febcd7fcf192a8ba49b989b569fd,test__01_H30.parquet.part002,2,83886080,80.0,f98d5193dd1c72c400f5cede3cb4f37caca058124292244d8bfa198dd94faa23,True,Byte-level binary split of destination archive copy.
test.parquet,Caltrans PeMS/02_FORECASTING_DATASET_FREEZE/01_H30/test.parquet,260718867,248.640887,c278ab9ebccbf6410610cf5bbdfc59f21956febcd7fcf192a8ba49b989b569fd,test__01_H30.parquet.part003,3,83886080,80.0,247cc058cdb505e580b68d49cba5ca2a1bd93133a8001f0fac53189fdc6c55ec,True,Byte-level binary split of destination archive copy.
test.parquet,Caltrans PeMS/02_FORECASTING_DATASET_FREEZE/01_H30/test.parquet,260718867,248.640887,c278ab9ebccbf6410610cf5bbdfc59f21956febcd7fcf192a8ba49b989b569fd,test__01_H30.parquet.part004,4,9060627,8.640887,8d5197da45891ac54f8b62e56831282c9b7e98aa0d566cf34e1f60abf8ab54b6,True,Byte-level binary split of destination archive copy.
train.parquet,Caltrans PeMS/02_FORECASTING_DATASET_FREEZE/01_H30/train.parquet,676586335,645.243011,2e1d326db471bbc6281e6c8e9e174453e60e9941316c7120433555814260a186,train__01_H30.parquet.part001,1,83886080,80.0,195185501d1ee45e6a3945703e6218320e2aded2b1c4cc197c6f0f9a1bdc9374,True,Byte-level binary split of destination archive copy.
train.parquet,Caltrans PeMS/02_FORECASTING_DATASET_FREEZE/01_H30/train.parquet,676586335,645.243011,2e1d326db471bbc6281e6c8e9e174453e60e9941316c7120433555814260a186,train__01_H30.parquet.part002,2,83886080,80.0,5b5efbf20e06352006eaaea180df62652ea28e595d6c78f5c5f3293160b39da6,True,Byte-level binary split of destination archive copy.
train.parquet,Caltrans PeMS/02_FORECASTING_DATASET_FREEZE/01_H30/train.parquet,676586335,645.243011,2e1d326db471bbc6281e6c8e9e174453e60e9941316c7120433555814260a186,train__01_H30.parquet.part003,3,83886080,80.0,d4e81faa297cf2e2dd736cc50971851187fa19933cf359ad923a7dc9dd9ff38c,True,Byte-level binary split of destination archive copy.
train.parquet,Caltrans PeMS/02_FORECASTING_DATASET_FREEZE/01_H30/train.parquet,676586335,645.243011,2e1d326db471bbc6281e6c8e9e174453e60e9941316c7120433555814260a186,train__01_H30.parquet.part004,4,83886080,80.0,a9ecfd4343ce55c747075350aacfc9cff852d53738d72e45df65cc3cceab64f1,True,Byte-level binary split of destination archive copy.
train.parquet,Caltrans PeMS/02_FORECASTING_DATASET_FREEZE/01_H30/train.parquet,676586335,645.243011,2e1d326db471bbc6281e6c8e9e174453e60e9941316c7120433555814260a186,train__01_H30.parquet.part005,5,83886080,80.0,9eee70710fd90e3b17c5bc7debe3b9e9b9331ec736a82d1062460ff3e31bb000,True,Byte-level binary split of destination archive copy.
train.parquet,Caltrans PeMS/02_FORECASTING_DATASET_FREEZE/01_H30/train.parquet,676586335,645.243011,2e1d326db471bbc6281e6c8e9e174453e60e9941316c7120433555814260a186,train__01_H30.parquet.part006,6,83886080,80.0,d5cc570927fa393e7b767a3d360da21fd2d0bf3fb8d0b35ae62f7b51d53dc085,True,Byte-level binary split of destination archive copy.
train.parquet,Caltrans PeMS/02_FORECASTING_DATASET_FREEZE/01_H30/train.parquet,676586335,645.243011,2e1d326db471bbc6281e6c8e9e174453e60e9941316c7120433555814260a186,train__01_H30.parquet.part007,7,83886080,80.0,1b34148eae921a495da674c926645c53495d2b18110b649428200c478d14c964,True,Byte-level binary split of destination archive copy.
train.parquet,Caltrans PeMS/02_FORECASTING_DATASET_FREEZE/01_H30/train.parquet,676586335,645.243011,2e1d326db471bbc6281e6c8e9e174453e60e9941316c7120433555814260a186,train__01_H30.parquet.part008,8,83886080,80.0,b3d0b1756d618abdef2e1e619454717829f8d27d051b7f3aa47dabd9249789c2,True,Byte-level binary split of destination archive copy.
train.parquet,Caltrans PeMS/02_FORECASTING_DATASET_FREEZE/01_H30/train.parquet,676586335,645.243011,2e1d326db471bbc6281e6c8e9e174453e60e9941316c7120433555814260a186,train__01_H30.parquet.part009,9,5497695,5.243011,09727f48650c09c2eb29c03778fb0a073a66476754567237e1d8009d53477a7b,True,Byte-level binary split of destination archive copy.
validation.parquet,Caltrans PeMS/02_FORECASTING_DATASET_FREEZE/01_H30/validation.parquet,122648979,116.967181,d35d02c143e1379fbc45505d3a605ea595d779782c9ab08d2ef0fb2e916c9799,validation__01_H30.parquet.part001,1,83886080,80.0,c622e417a56a4000f509078f132d53d6242fee85ca1f3272345c75a48260904e,True,Byte-level binary split of destination archive copy.
validation.parquet,Caltrans PeMS/02_FORECASTING_DATASET_FREEZE/01_H30/validation.parquet,122648979,116.967181,d35d02c143e1379fbc45505d3a605ea595d779782c9ab08d2ef0fb2e916c9799,validation__01_H30.parquet.part002,2,38762899,36.967181,f9ddc15727eb5cf185035a69497cd2f70cad63991c3a66d4fb5b4c440ee4c659,True,Byte-level binary split of destination archive copy.
test.parquet,Caltrans PeMS/02_FORECASTING_DATASET_FREEZE/02_H60/test.parquet,260515581,248.447019,9f4f8e3641bb699c4bb9a6aa37f715153bc0a0173497dc408559d0d1cf497bb7,test__02_H60.parquet.part001,1,83886080,80.0,8628333681e8f017bcff86dc558f3e5c8e8030f993964640524f30724821a037,True,Byte-level binary split of destination archive copy.
test.parquet,Caltrans PeMS/02_FORECASTING_DATASET_FREEZE/02_H60/test.parquet,260515581,248.447019,9f4f8e3641bb699c4bb9a6aa37f715153bc0a0173497dc408559d0d1cf497bb7,test__02_H60.parquet.part002,2,83886080,80.0,23ef8a35cf131da83a8982441d8e5f56da3df19fcc3a2e2564af2f9f65ed1000,True,Byte-level binary split of destination archive copy.
test.parquet,Caltrans PeMS/02_FORECASTING_DATASET_FREEZE/02_H60/test.parquet,260515581,248.447019,9f4f8e3641bb699c4bb9a6aa37f715153bc0a0173497dc408559d0d1cf497bb7,test__02_H60.parquet.part003,3,83886080,80.0,577b3c7939c359bb671e72d46f4cd0712bf11bd0411579bc2706f3fc2e1bc2db,True,Byte-level binary split of destination archive copy.
test.parquet,Caltrans PeMS/02_FORECASTING_DATASET_FREEZE/02_H60/test.parquet,260515581,248.447019,9f4f8e3641bb699c4bb9a6aa37f715153bc0a0173497dc408559d0d1cf497bb7,test__02_H60.parquet.part004,4,8857341,8.447019,a398faf22e7a642625e87635fc794713eec94bb2060110ce26a5f8998b49a96e,True,Byte-level binary split of destination archive copy.
train.parquet,Caltrans PeMS/02_FORECASTING_DATASET_FREEZE/02_H60/train.parquet,676168561,644.84459,929c0c79809bcf0907e982e648dc519ecdb794c7a72ea16d62d49bc47fdc97c7,train__02_H60.parquet.part001,1,83886080,80.0,3d3c4112c14ae7a2e172b4d351bac4ffdabc19c69ef61df8dc2db9b8a4595b1a,True,Byte-level binary split of destination archive copy.
train.parquet,Caltrans PeMS/02_FORECASTING_DATASET_FREEZE/02_H60/train.parquet,676168561,644.84459,929c0c79809bcf0907e982e648dc519ecdb794c7a72ea16d62d49bc47fdc97c7,train__02_H60.parquet.part002,2,83886080,80.0,671191f3d1c98875df224cdbc4516f2eb82ae31a39a67f551a2f90147f98d1bb,True,Byte-level binary split of destination archive copy.
train.parquet,Caltrans PeMS/02_FORECASTING_DATASET_FREEZE/02_H60/train.parquet,676168561,644.84459,929c0c79809bcf0907e982e648dc519ecdb794c7a72ea16d62d49bc47fdc97c7,train__02_H60.parquet.part003,3,83886080,80.0,ef6f427fdb7e924a853ab2ce9ed15b5e1ca1f4bc70d3ba8f7dd6ec6324afae0c,True,Byte-level binary split of destination archive copy.
train.parquet,Caltrans PeMS/02_FORECASTING_DATASET_FREEZE/02_H60/train.parquet,676168561,644.84459,929c0c79809bcf0907e982e648dc519ecdb794c7a72ea16d62d49bc47fdc97c7,train__02_H60.parquet.part004,4,83886080,80.0,6c10bc82e2b03fdf3422f8168763cce0be11dd2bc23239af600f86d7f9a57f8f,True,Byte-level binary split of destination archive copy.
train.parquet,Caltrans PeMS/02_FORECASTING_DATASET_FREEZE/02_H60/train.parquet,676168561,644.84459,929c0c79809bcf0907e982e648dc519ecdb794c7a72ea16d62d49bc47fdc97c7,train__02_H60.parquet.part005,5,83886080,80.0,eb548563d39fce0bc46cd40c985b30f62fd0f9497dc1289fab065d885458e398,True,Byte-level binary split of destination archive copy.
train.parquet,Caltrans PeMS/02_FORECASTING_DATASET_FREEZE/02_H60/train.parquet,676168561,644.84459,929c0c79809bcf0907e982e648dc519ecdb794c7a72ea16d62d49bc47fdc97c7,train__02_H60.parquet.part006,6,83886080,80.0,fbc6f7c77e9597ae8ab04de66bcc45951a7a183c6092d2427934686cd595576a,True,Byte-level binary split of destination archive copy.
train.parquet,Caltrans PeMS/02_FORECASTING_DATASET_FREEZE/02_H60/train.parquet,676168561,644.84459,929c0c79809bcf0907e982e648dc519ecdb794c7a72ea16d62d49bc47fdc97c7,train__02_H60.parquet.part007,7,83886080,80.0,457baddd316a6465456ed4f175f824b45ceea29c87296663dce9800b1dffb6ae,True,Byte-level binary split of destination archive copy.
train.parquet,Caltrans PeMS/02_FORECASTING_DATASET_FREEZE/02_H60/train.parquet,676168561,644.84459,929c0c79809bcf0907e982e648dc519ecdb794c7a72ea16d62d49bc47fdc97c7,train__02_H60.parquet.part008,8,83886080,80.0,1e51531893ad7bb9188ecfa84200da224b0f83ae7fea9f0fd140b81a44d86a73,True,Byte-level binary split of destination archive copy.
train.parquet,Caltrans PeMS/02_FORECASTING_DATASET_FREEZE/02_H60/train.parquet,676168561,644.84459,929c0c79809bcf0907e982e648dc519ecdb794c7a72ea16d62d49bc47fdc97c7,train__02_H60.parquet.part009,9,5079921,4.84459,071950768f634b40336c2953181393f63b1d3e9c1e9ed4c0c5c343902f465bd8,True,Byte-level binary split of destination archive copy.
validation.parquet,Caltrans PeMS/02_FORECASTING_DATASET_FREEZE/02_H60/validation.parquet,122534768,116.858261,5129dec5ee48a96889df401d9fb2c2e22ceb786ba32f4c789cf0d650ddcd345b,validation__02_H60.parquet.part001,1,83886080,80.0,a16d10718fee18e06a28396c7452573653592dc9431a5f6a8a32270151cb02cc,True,Byte-level binary split of destination archive copy.
validation.parquet,Caltrans PeMS/02_FORECASTING_DATASET_FREEZE/02_H60/validation.parquet,122534768,116.858261,5129dec5ee48a96889df401d9fb2c2e22ceb786ba32f4c789cf0d650ddcd345b,validation__02_H60.parquet.part002,2,38648688,36.858261,0a7fca5c101a88de98623d3155936faf4f3582f89d762ae4745a6bb46dff4e9b,True,Byte-level binary split of destination archive copy.
JEV_Fig1-Fig5_FINAL_SCI_Multiformat_16x9_20260927.zip,fig/正式图/JEV_Fig1-Fig5_FINAL_SCI_Multiformat_16x9_20260927.zip,202426686,193.049131,d0369f660fa01c68af67020ef2e09062a4b3e3472e43f1d742e182ebcf2d894d,JEV_Fig1-Fig5_FINAL_SCI_Multiformat_16x9_20260927.zip.part001,1,83886080,80.0,bc4fd015274efb5bc666e286d4267c4e8d1800908519f2df4d37c3c0855bd5b5,True,Byte-level binary split of destination archive copy.
JEV_Fig1-Fig5_FINAL_SCI_Multiformat_16x9_20260927.zip,fig/正式图/JEV_Fig1-Fig5_FINAL_SCI_Multiformat_16x9_20260927.zip,202426686,193.049131,d0369f660fa01c68af67020ef2e09062a4b3e3472e43f1d742e182ebcf2d894d,JEV_Fig1-Fig5_FINAL_SCI_Multiformat_16x9_20260927.zip.part002,2,83886080,80.0,aae44efd9d001256f7e67eff016f7664d5da47b4a7d64f99e17fc0bf2ef6165c,True,Byte-level binary split of destination archive copy.
JEV_Fig1-Fig5_FINAL_SCI_Multiformat_16x9_20260927.zip,fig/正式图/JEV_Fig1-Fig5_FINAL_SCI_Multiformat_16x9_20260927.zip,202426686,193.049131,d0369f660fa01c68af67020ef2e09062a4b3e3472e43f1d742e182ebcf2d894d,JEV_Fig1-Fig5_FINAL_SCI_Multiformat_16x9_20260927.zip.part003,3,34654526,33.049131,d36a583e76b04a85c3b932735eaf00f135b4d67533eec806e5183a16c95fb761,True,Byte-level binary split of destination archive copy.
training_data.zip,training_data.zip,387649656,369.691521,8b1b9a1516049bb6961d65e5009f6069f577fc664b4a280cd6ea2a609017f8a1,training_data.zip.part001,1,83886080,80.0,d7c163c17078a38b2ace374eb6cc748566ef83de8f4f8b2bafdaf73e77fd19d4,True,Byte-level binary split of destination archive copy.
training_data.zip,training_data.zip,387649656,369.691521,8b1b9a1516049bb6961d65e5009f6069f577fc664b4a280cd6ea2a609017f8a1,training_data.zip.part002,2,83886080,80.0,0b2b9b55fffdc1085983b13ed2f33d64a43b6db2190946a0021573f46f70adae,True,Byte-level binary split of destination archive copy.
training_data.zip,training_data.zip,387649656,369.691521,8b1b9a1516049bb6961d65e5009f6069f577fc664b4a280cd6ea2a609017f8a1,training_data.zip.part003,3,83886080,80.0,12e02266bc8c90dec195b53c448371ead42acb73f3afd0c160b0886afb24d97c,True,Byte-level binary split of destination archive copy.
training_data.zip,training_data.zip,387649656,369.691521,8b1b9a1516049bb6961d65e5009f6069f577fc664b4a280cd6ea2a609017f8a1,training_data.zip.part004,4,83886080,80.0,78f11f604eb039de47e55e45e3a15a920fa22a45900db018d6aa3e1e77bb14b5,True,Byte-level binary split of destination archive copy.
training_data.zip,training_data.zip,387649656,369.691521,8b1b9a1516049bb6961d65e5009f6069f577fc664b4a280cd6ea2a609017f8a1,training_data.zip.part005,5,52105336,49.691521,a44f5f1bcd85032c0fc2fb3741fbcef89c91326b0902f75a84b30ec22379371a,True,Byte-level binary split of destination archive copy.
test_predictions_H30.parquet,training_data/01_STEP1B_FULL_H30/06_PREDICTIONS/test_predictions_H30.parquet,208658271,198.992034,772fcfa1996058cd66e95e31b20cb7e428306441d00b85d0c1e140fd8332e60c,test_predictions_H30__06_PREDICTIONS.parquet.part001,1,83886080,80.0,a3143272181199efa8f7d09c9a6560a18ceff53c5a009cb0acd6c3bd3c6932df,True,Byte-level binary split of destination archive copy.
test_predictions_H30.parquet,training_data/01_STEP1B_FULL_H30/06_PREDICTIONS/test_predictions_H30.parquet,208658271,198.992034,772fcfa1996058cd66e95e31b20cb7e428306441d00b85d0c1e140fd8332e60c,test_predictions_H30__06_PREDICTIONS.parquet.part002,2,83886080,80.0,d62be47b63c94d476bd7ef853d9d2bb15eba4b0ae91fdc22191d040b1797aa5f,True,Byte-level binary split of destination archive copy.
test_predictions_H30.parquet,training_data/01_STEP1B_FULL_H30/06_PREDICTIONS/test_predictions_H30.parquet,208658271,198.992034,772fcfa1996058cd66e95e31b20cb7e428306441d00b85d0c1e140fd8332e60c,test_predictions_H30__06_PREDICTIONS.parquet.part003,3,40886111,38.992034,94a4cff14633a3c36e24f870d9972255b85ae0062855d77a395311229290e878,True,Byte-level binary split of destination archive copy.
validation_predictions_H30.parquet,training_data/01_STEP1B_FULL_H30/06_PREDICTIONS/validation_predictions_H30.parquet,96503764,92.033161,c320b1eb8603d4c10e7a353a57318c5fd6410da084e1c501f6c132996fe46355,validation_predictions_H30__06_PREDICTIONS.parquet.part001,1,83886080,80.0,8c85ec09798b62042d40b2bb87410d07b89af8b68b31d35cf6f970e86a88ebfa,True,Byte-level binary split of destination archive copy.
validation_predictions_H30.parquet,training_data/01_STEP1B_FULL_H30/06_PREDICTIONS/validation_predictions_H30.parquet,96503764,92.033161,c320b1eb8603d4c10e7a353a57318c5fd6410da084e1c501f6c132996fe46355,validation_predictions_H30__06_PREDICTIONS.parquet.part002,2,12617684,12.033161,b3f2caf968ccbcdf34e9b2fc978b384e60732da8ad779d67f746aba8efc2f304,True,Byte-level binary split of destination archive copy.
