method,target_station,samples,mean_normalized_regret,mean_raw_regret_mph,near_oracle_hit_rate
GRU,765501,48,0.19156478045037695,1.1402421792348225,0.6458333333333334
GRU,769895,25,0.44632461083681746,1.228743896484375,0.44
GRU,769965,25,0.34642689168577645,2.0756846618652345,0.56
GRU,775511,30,0.30809182609140245,0.8550557454427083,0.6666666666666666
GRU,775536,43,0.4373733324889516,1.2850226468818133,0.6046511627906976
Historical Best,765501,48,0.6814039975005124,3.7983436584472656,0.0625
Historical Best,769895,25,0.35589980613167327,1.137497100830078,0.4
Historical Best,769965,25,0.5312173477862018,2.496015930175781,0.2
Historical Best,775511,30,0.34426468602211036,0.9859036763509115,0.6666666666666666
Historical Best,775536,43,0.5580312255552137,1.4425748780716297,0.5116279069767442
Nearest,765501,48,0.6814039975005124,3.7983436584472656,0.0625
Nearest,769895,25,0.670171665610304,2.2114654541015626,0.16
Nearest,769965,25,0.3104136973425704,1.6364987182617188,0.4
Nearest,775511,30,0.38263186266140015,0.8794336954752604,0.3333333333333333
Nearest,775536,43,0.4572813861973892,1.204418093659157,0.5116279069767442
Quality Rule,765501,48,0.12832611581694445,0.5055671532948812,0.75
Quality Rule,769895,25,0.42103623025358167,1.2786497497558593,0.44
Quality Rule,769965,25,0.3104136973425704,1.6364987182617188,0.4
Quality Rule,775511,30,0.2148646349550996,0.5046305338541667,0.5666666666666667
Quality Rule,775536,43,0.4572813861973892,1.204418093659157,0.5116279069767442
Ridge,765501,48,0.6532661032305136,3.6671841144561768,0.0625
Ridge,769895,25,0.4240336938444708,1.1354258728027344,0.44
Ridge,769965,25,0.34454278293851365,2.3399386596679688,0.36
Ridge,775511,30,0.34426468602211036,0.9859036763509115,0.6666666666666666
Ridge,775536,43,0.4304993720284651,1.240252827489099,0.627906976744186
XGBoost,765501,48,0.5126086605415732,2.9534862836201987,0.3125
XGBoost,769895,25,0.3728533778292704,1.1245388793945312,0.4
XGBoost,769965,25,0.21861603919420333,0.97867919921875,0.64
XGBoost,775511,30,0.34426468602211036,0.9859036763509115,0.6666666666666666
XGBoost,775536,43,0.4188239750480536,1.1970200649527616,0.6744186046511628
