target_station,samples,unique_oracle_candidates,oracle_switch_rate,dominant_oracle,dominant_oracle_share,oracle_entropy_bits,mean_best_worst_spread
715938,47,5,0.21739130434782608,716925,0.3829787234042553,2.062731403764377,7.982422930129031
716085,47,4,0.391304347826087,716081,0.574468085106383,1.58224049274329,7.305394355286944
716088,49,4,0.3125,716091,0.4897959183673469,1.6749377847682243,3.69320094828703
716091,65,5,0.484375,716088,0.46153846153846156,1.9915877301403504,4.005437880295974
716152,96,5,0.5789473684210527,717195,0.3020833333333333,2.1927968327396723,3.5733731786410012
716551,180,5,0.44692737430167595,717582,0.5444444444444444,1.8647763686098238,3.3538575066460505
716554,81,5,0.6,717099,0.2962962962962963,2.2261701186217424,5.697871761557496
716929,29,4,0.35714285714285715,715944,0.4482758620689655,1.7460954150154402,5.179838509395204
716930,29,4,0.21428571428571427,718364,0.3448275862068966,1.9497500838297317,13.168372384433088
716934,29,4,0.5,715947,0.27586206896551724,1.9903513586196353,8.854710940656991
716986,60,5,0.3728813559322034,716983,0.55,1.7354298319113457,5.9453587849934895
717075,41,3,0.4,717083,0.43902439024390244,1.5433167043578533,5.883390659239234
717077,41,5,0.65,717075,0.36585365853658536,1.895884779768435,5.683485496334914
717083,23,4,0.36363636363636365,717075,0.43478260869565216,1.7900504167841065,9.920996375705885
717087,35,5,0.4117647058823529,717091,0.4857142857142857,1.9072521364763935,3.536989048549107
717089,47,5,0.4782608695652174,717075,0.40425531914893614,2.0432454118289467,5.707688676550033
717091,35,5,0.4411764705882353,717087,0.4857142857142857,2.015093208214032,3.8176729474748883
717093,35,4,0.35294117647058826,717083,0.6285714285714286,1.238961776515515,8.881483895438057
717097,35,5,0.5,717083,0.45714285714285713,1.6419156909172545,7.5564637320382255
717101,41,5,0.5,717091,0.4634146341463415,1.8614589988005517,2.5704837892113663
717108,35,5,0.47058823529411764,717112,0.4,1.88903486709809,3.3280288696289064
717112,35,5,0.5,717116,0.5714285714285714,1.7692881210456117,3.4356571742466517
717142,42,5,0.4146341463414634,717154,0.47619047619047616,1.8684582630862736,6.250991094680059
717150,42,3,0.17073170731707318,717154,0.7619047619047619,0.9035239700887411,5.992101850963774
717154,42,4,0.4146341463414634,717150,0.5476190476190477,1.4933345227887056,4.8633286612374445
717160,42,5,0.4146341463414634,775029,0.35714285714285715,2.033565344167703,7.683245340983073
717174,42,5,0.6097560975609756,717165,0.2619047619047619,2.277510190028318,4.0934997740246
717176,42,5,0.6341463414634146,717187,0.30952380952380953,2.1950191893688022,5.137083053588867
717185,42,5,0.5609756097560976,717190,0.2619047619047619,2.2867391320022348,4.582137244088309
717187,56,5,0.6181818181818182,716153,0.3392857142857143,2.2355700996209573,5.968811324664524
717190,42,5,0.6341463414634146,717185,0.2857142857142857,2.2844763510411217,4.61661247980027
717192,60,5,0.6949152542372882,717200,0.26666666666666666,2.296521048353538,3.760146713256836
717195,26,5,0.6,717198,0.3076923076923077,2.1903964516472447,2.8605000422551083
717196,7,3,0.3333333333333333,716153,0.5714285714285714,1.3787834934861753,3.9500198364257812
717198,42,5,0.5365853658536586,717190,0.35714285714285715,2.185331582629278,3.877712068103609
717200,42,5,0.4878048780487805,717207,0.35714285714285715,2.0910897726284783,3.7327222369966053
717219,48,4,0.23404255319148937,763479,0.6041666666666666,1.535683494178164,6.185843308766683
717240,42,5,0.43902439024390244,717246,0.35714285714285715,2.1677393190302316,6.320840199788411
717241,66,5,0.5384615384615384,717247,0.48484848484848486,1.9933544142242021,4.533264709241463
717246,42,5,0.3902439024390244,768339,0.3333333333333333,2.211819806501577,4.611030033656529
717247,36,5,0.2571428571428571,768328,0.4722222222222222,2.0237776177736144,5.296612739562988
717249,78,5,0.5454545454545454,717252,0.2692307692307692,2.2868765993692453,2.9313080616486378
717251,72,5,0.704225352112676,717247,0.3055555555555556,2.26316316523622,4.597726424535115
717252,84,5,0.6265060240963856,768339,0.32142857142857145,2.207389958751293,4.308127085367839
717254,59,5,0.6551724137931034,768328,0.3728813559322034,2.1559210116448613,4.391913850428694
717258,108,5,0.5046728971962616,774728,0.35185185185185186,2.080370160831954,8.057619977880407
717373,70,5,0.36231884057971014,717369,0.6428571428571429,1.508752276107345,4.258358219691686
717374,70,4,0.5072463768115942,717368,0.4142857142857143,1.7704242349870585,3.1014635358537945
717434,39,5,0.5526315789473685,717439,0.358974358974359,2.12444997886626,6.88456540229993
717435,39,5,0.5263157894736842,717428,0.3076923076923077,2.1716118139836733,8.371661650828827
717436,39,5,0.5789473684210527,717441,0.358974358974359,2.132723927497897,5.2277308733035355
717440,39,5,0.5526315789473685,717435,0.5128205128205128,1.912120747669659,5.778938782520783
717441,40,5,0.4358974358974359,759980,0.5,1.9854752972273344,4.071763420104981
717472,31,4,0.5333333333333333,769373,0.41935483870967744,1.6920909444356471,4.938415158179499
717473,31,3,0.26666666666666666,769372,0.5806451612903226,1.2408931545490722,3.6100206682758946
717578,72,5,0.4788732394366197,717580,0.3611111111111111,2.1839732525828754,6.373085975646973
717580,63,5,0.5,773916,0.30158730158730157,2.211309430124591,8.384653878590417
717582,66,5,0.5384615384615384,716554,0.3939393939393939,1.9832718079240628,6.027464490948302
717583,66,5,0.4307692307692308,717578,0.3333333333333333,2.127595398838995,5.595960328073213
717637,36,5,0.45714285714285713,717644,0.4444444444444444,1.9064821276822002,12.416257752312553
717638,48,5,0.574468085106383,717646,0.4791666666666667,1.8139247528036695,5.88213034470876
717640,42,5,0.5609756097560976,717646,0.2857142857142857,2.2613660921509617,5.838420322963169
717646,48,5,0.5319148936170213,717654,0.22916666666666666,2.3136784441432745,6.204773664474487
717650,48,5,0.3829787234042553,717646,0.375,2.1286378365487484,6.292781591415405
717654,43,5,0.6428571428571429,717646,0.32558139534883723,2.137081981657369,5.818327260571857
717673,47,5,0.5652173913043478,772858,0.3404255319148936,2.037504406809415,5.816068446382563
717674,50,5,0.6122448979591837,717675,0.26,2.255327391066548,2.869342956542969
717790,35,5,0.5588235294117647,772437,0.4857142857142857,2.0046781231683095,9.634865869794574
717956,13,4,0.4166666666666667,773774,0.38461538461538464,1.8843135277997989,6.03266114455003
717989,36,4,0.4,776295,0.5277777777777778,1.7165843561682863,7.389550844828288
718130,34,5,0.45454545454545453,716273,0.3235294117647059,1.9510857641032406,6.2085658241720765
718210,42,5,0.7073170731707317,761374,0.2619047619047619,2.3040976070784387,5.348858787899926
718259,42,4,0.2682926829268293,766505,0.40476190476190477,1.6985471190725936,5.791436422438848
718287,55,5,0.5555555555555556,764578,0.32727272727272727,2.1199530631544703,5.226624783602628
718356,42,5,0.6585365853658537,764096,0.35714285714285715,2.1715638648138507,3.9157502310616628
718364,47,4,0.1956521739130435,716930,0.7021276595744681,1.2893759593621277,9.461287112946206
718375,66,5,0.4153846153846154,718376,0.4393939393939394,1.7382613710076713,9.728062759746205
718496,66,5,0.4153846153846154,774204,0.5454545454545454,1.803871379325716,5.333842075232304
718499,66,5,0.24615384615384617,773870,0.45454545454545453,1.8808381662190898,3.310151533647017
737504,48,5,0.40425531914893614,717832,0.3541666666666667,2.1842234535730265,2.707980235417684
759566,41,4,0.275,759576,0.6097560975609756,1.3791140838126694,14.861201681741854
759762,114,5,0.34513274336283184,759772,0.5789473684210527,1.6084189834605214,6.60284403750771
759772,54,4,0.39622641509433965,759762,0.5,1.540528021453758,6.5622565658004195
759783,120,5,0.5042016806722689,759772,0.25,2.2561845805645775,5.8226394335428875
759980,8,2,0.5714285714285714,717441,0.5,1.0,3.7435965538024902
760987,156,5,0.45161290322580644,773890,0.5,1.7812212411608974,3.535818943610558
761003,180,5,0.2905027932960894,717573,0.35555555555555557,1.8484583347711816,2.415060456593831
761206,96,5,0.6631578947368421,761220,0.3125,2.2380625979859774,5.424974838892619
761356,55,5,0.7037037037037037,718210,0.36363636363636365,2.1689371004155857,5.478241105513139
761374,48,5,0.6595744680851063,718210,0.3958333333333333,2.146435017740625,4.91254981358846
761552,59,4,0.3448275862068966,761541,0.4915254237288136,1.4989069659190724,7.956701294850495
761776,35,4,0.35294117647058826,717978,0.37142857142857144,1.7953176125499586,4.424234226771763
763479,48,5,0.3404255319148936,717219,0.6875,1.4418087945670799,5.927165826161702
763558,54,5,0.4339622641509434,763563,0.5,1.8790620958364888,5.063427254005715
763563,42,5,0.5609756097560976,774841,0.30952380952380953,2.1495611683029345,3.749674842471168
763573,65,5,0.5,763578,0.4,2.004431104799561,6.034044353778546
763578,54,5,0.4528301886792453,763573,0.3148148148148148,2.0603863611358326,9.567648357815212
763583,54,5,0.6981132075471698,774878,0.3333333333333333,2.234920834855774,13.938881520871762
763649,42,5,0.36585365853658536,718052,0.6190476190476191,1.6074050376875253,2.9704615275065103
763683,41,4,0.35,775689,0.34146341463414637,1.8312079492851565,6.636809000154821
764001,43,3,0.3333333333333333,717871,0.6046511627906976,1.3625262038963024,0.6911590043888536
764096,42,4,0.2682926829268293,774799,0.6190476190476191,1.213403099434121,4.93093154543922
764222,42,5,0.7560975609756098,717185,0.2857142857142857,2.244871868197144,4.337027186439151
764276,48,5,0.574468085106383,764304,0.375,2.0679656087170093,2.7666991154352822
764304,50,5,0.5714285714285714,764318,0.32,2.1741806222509146,2.9101090621948242
764311,34,5,0.30303030303030304,764297,0.6470588235294118,1.547105249588253,3.980558058794807
764578,60,5,0.576271186440678,718287,0.35,2.140823609363008,5.361357053120931
764583,54,5,0.4528301886792453,717777,0.3333333333333333,1.9659361181229627,5.637030460216381
764814,35,5,0.47058823529411764,765150,0.45714285714285713,1.872140159802109,7.07429689679827
764819,45,3,0.4090909090909091,764808,0.6,1.3565821003779603,7.21010013156467
764824,35,4,0.35294117647058826,764848,0.6285714285714286,1.4119259995158082,5.111988503592355
764839,78,5,0.4805194805194805,776465,0.4358974358974359,2.011872019666356,4.001513799031575
764848,42,3,0.07317073170731707,764824,0.9047619047619048,0.530980922468767,3.4771436055501304
764915,47,5,0.2391304347826087,764910,0.46808510638297873,1.7334321727143114,2.2945493332883147
764932,60,5,0.5084745762711864,764915,0.4,2.0451824573292714,2.398045794169108
765150,80,4,0.22784810126582278,764798,0.4875,1.4919862318608863,6.533055925369263
765153,234,5,0.43776824034334766,764572,0.45726495726495725,1.8635443827338696,3.465283499823676
765456,132,5,0.5648854961832062,766642,0.32575757575757575,2.1758718629317992,4.99631404876709
765461,120,5,0.5714285714285714,766642,0.4,2.0941725734026004,4.443052768707275
765501,54,5,0.33962264150943394,763616,0.6481481481481481,1.6038857229752368,5.433809916178386
765591,34,4,0.3939393939393939,717374,0.47058823529411764,1.8077635764171944,4.882824056288776
766585,8,4,1.0,766600,0.5,1.75,9.863440990447998
766642,150,5,0.5771812080536913,766602,0.28,2.26568100833672,4.050959701538086
766703,54,5,0.5471698113207547,764322,0.3333333333333333,2.2423315504765626,3.9305814107259116
766712,115,5,0.37719298245614036,766703,0.4434782608695652,1.6725448902280617,3.4863521078358524
766721,43,5,0.5,766694,0.3488372093023256,1.9666642180748364,2.4650270328965296
766788,142,3,0.3120567375886525,774181,0.4859154929577465,1.4349123764955942,8.899581479354643
766843,58,5,0.5789473684210527,766620,0.3103448275862069,2.229455706212294,5.206800033306253
767471,59,3,0.41379310344827586,718072,0.6271186440677966,1.0523305000970091,3.056270405397577
767542,47,5,0.43478260869565216,718064,0.3829787234042553,1.9175930246007615,4.438277548932015
767554,102,4,0.15841584158415842,767541,0.6666666666666666,1.3316036527922268,2.7653974645278034
767678,48,4,0.40425531914893614,717958,0.3958333333333333,1.8755314240223577,4.259778579076131
767759,78,5,0.4675324675324675,767767,0.28205128205128205,2.110982891506743,5.62093387505947
767760,41,4,0.3,772669,0.7317073170731707,1.1937351052868035,6.187842299298542
767810,55,5,0.5,764932,0.36363636363636365,2.180376927380871,3.9658364729447797
767811,55,4,0.2222222222222222,775314,0.4909090909090909,1.6033479352873086,4.31225488836115
768328,78,5,0.5194805194805194,717247,0.5,1.9750318782181049,4.362245584145571
768339,23,5,0.6363636363636364,717249,0.30434782608695654,2.261996198187295,4.130608102549678
768349,46,5,0.5555555555555556,768339,0.2826086956521739,2.2743786288906884,4.11604761040729
768779,42,3,0.17073170731707318,774800,0.8333333333333334,0.8142271109873961,3.3872684297107516
769788,181,5,0.4777777777777778,769806,0.40331491712707185,2.052450956093685,3.043311735543098
769847,120,5,0.4789915966386555,770385,0.31666666666666665,2.2020249937049625,4.83202428817749
769866,89,5,0.5795454545454546,769895,0.30337078651685395,2.1782284783188324,5.580723194593794
769867,95,5,0.6702127659574468,769965,0.28421052631578947,2.2747233396835935,3.963816231175473
769880,120,5,0.47058823529411764,769895,0.3333333333333333,2.12287151331316,3.718892478942871
769895,78,5,0.5454545454545454,769866,0.2948717948717949,2.0836239781690895,5.7875422942332735
769926,90,5,0.48314606741573035,769911,0.43333333333333335,2.0869205172441108,4.853506300184462
769965,60,5,0.559322033898305,769867,0.36666666666666664,2.073825873974648,4.989868704477946
770061,47,4,0.34782608695652173,770556,0.44680851063829785,1.6483041156740055,1.148956298828125
770089,114,5,0.3274336283185841,770061,0.5701754385964912,1.7264568088208054,2.3480926312898336
770129,42,5,0.6097560975609756,770141,0.38095238095238093,2.125191685900817,5.182401657104492
770141,111,5,0.6363636363636364,770187,0.24324324324324326,2.2936767358791514,3.841373615436726
770187,60,5,0.559322033898305,770141,0.4166666666666667,1.9615043545970208,5.787956937154134
770275,96,5,0.4421052631578947,770290,0.4479166666666667,1.8438903967595384,3.831940750281016
773890,48,5,0.46808510638297873,760987,0.5208333333333334,1.7974283964757056,4.649939060211182
773927,60,5,0.4745762711864407,717578,0.43333333333333335,1.905502014178074,6.3934102058410645
774204,66,5,0.46153846153846156,718496,0.5454545454545454,1.8676338909712125,4.412766658898556
774491,35,5,0.5294117647058824,765456,0.4857142857142857,1.9335288375776507,9.36580080304827
774728,72,5,0.647887323943662,717252,0.2916666666666667,2.2775293162852464,4.652224434746636
774729,73,5,0.5555555555555556,717251,0.3287671232876712,2.159207523420764,6.172349276607984
774877,36,5,0.5428571428571428,774841,0.3333333333333333,2.1994889745104373,3.014596939086914
774878,48,5,0.5106382978723404,763578,0.375,2.0328669919256206,12.504302541414896
775029,192,5,0.518324607329843,717167,0.3854166666666667,2.092510677460516,6.941812475522359
775511,235,5,0.3803418803418803,764311,0.6212765957446809,1.6270491600370545,3.665624204595038
775536,181,4,0.48333333333333334,718405,0.44751381215469616,1.8478126350932504,2.299887430602016
775552,114,5,0.2831858407079646,717174,0.5087719298245614,1.5894689222486533,8.513812416478208
776465,42,5,0.43902439024390244,764808,0.2857142857142857,2.285095318377704,7.783175150553386
776493,71,5,0.3,718320,0.5774647887323944,1.6268577892661886,5.259398124587368
776751,41,5,0.6,776328,0.2682926829268293,2.281163032919894,10.616391716933832
776752,41,5,0.425,776480,0.36585365853658536,2.1891049840587122,11.642474616446146
777212,25,5,0.25,777243,0.48,1.5943029514736249,5.247886505126953
