method,bin_id,bin_lower,bin_upper,n,mean_probability,observed_success_rate,absolute_gap
Constant Base Rate,0,0.0,0.1,0,,,
Constant Base Rate,1,0.1,0.2,0,,,
Constant Base Rate,2,0.2,0.3,0,,,
Constant Base Rate,3,0.3,0.4,0,,,
Constant Base Rate,4,0.4,0.5,325,0.4330922242314648,0.3723076923076923,0.06078453192377253
Constant Base Rate,5,0.5,0.6,0,,,
Constant Base Rate,6,0.6,0.7,0,,,
Constant Base Rate,7,0.7,0.8,0,,,
Constant Base Rate,8,0.8,0.9,0,,,
Constant Base Rate,9,0.9,1.0,0,,,
Raw,0,0.0,0.1,278,0.027188270684027273,0.3345323741007194,0.3073441034166921
Raw,1,0.1,0.2,45,0.135859507107607,0.5777777777777777,0.44191827067017075
Raw,2,0.2,0.3,2,0.24449232713115387,1.0,0.7555076728688461
Raw,3,0.3,0.4,0,,,
Raw,4,0.4,0.5,0,,,
Raw,5,0.5,0.6,0,,,
Raw,6,0.6,0.7,0,,,
Raw,7,0.7,0.8,0,,,
Raw,8,0.8,0.9,0,,,
Raw,9,0.9,1.0,0,,,
Platt,0,0.0,0.1,0,,,
Platt,1,0.1,0.2,0,,,
Platt,2,0.2,0.3,0,,,
Platt,3,0.3,0.4,0,,,
Platt,4,0.4,0.5,270,0.43706227919923046,0.337037037037037,0.10002524216219344
Platt,5,0.5,0.6,53,0.5376336531587265,0.5283018867924528,0.009331766366273642
Platt,6,0.6,0.7,2,0.6448646397423108,1.0,0.3551353602576892
Platt,7,0.7,0.8,0,,,
Platt,8,0.8,0.9,0,,,
Platt,9,0.9,1.0,0,,,
Isotonic,0,0.0,0.1,0,,,
Isotonic,1,0.1,0.2,2,0.18181818181818182,0.0,0.18181818181818182
Isotonic,2,0.2,0.3,0,,,
Isotonic,3,0.3,0.4,45,0.3807339449541284,0.17777777777777778,0.2029561671763506
Isotonic,4,0.4,0.5,195,0.43526196136928047,0.38461538461538464,0.05064657675389583
Isotonic,5,0.5,0.6,35,0.5450017277531913,0.2857142857142857,0.25928744203890564
Isotonic,6,0.6,0.7,46,0.6656153965735992,0.5652173913043478,0.10039800526925147
Isotonic,7,0.7,0.8,1,0.779173382234319,1.0,0.22082661776568102
Isotonic,8,0.8,0.9,0,,,
Isotonic,9,0.9,1.0,1,1.0,1.0,0.0
