split,target_station,timestamp,oracle_gap,near_tie_tolerance_mph,near_tie
train,716085,2026-01-14T23:30:00-08:00,0.46527862548828125,0.5,True
train,716085,2026-01-14T23:35:00-08:00,0.40048980712890625,0.5,True
train,716088,2026-01-14T23:30:00-08:00,0.06125640869140625,0.5,True
train,716088,2026-01-14T23:35:00-08:00,0.0,0.5,True
train,716091,2026-01-03T23:30:00-08:00,1.202484130859375,0.5,False
train,716091,2026-01-03T23:35:00-08:00,0.5876998901367188,0.5,False
train,716152,2026-01-03T23:30:00-08:00,0.29640960693359375,0.5,True
train,716152,2026-01-03T23:35:00-08:00,0.2888946533203125,0.5,True
validation,716085,2026-06-06T07:20:00-07:00,2.4846878051757812,0.5,False
validation,716085,2026-06-06T07:25:00-07:00,0.8543853759765625,0.5,False
validation,716088,2026-06-06T07:20:00-07:00,0.0,0.5,True
validation,716088,2026-06-06T07:25:00-07:00,0.1001739501953125,0.5,True
validation,716091,2026-06-06T07:20:00-07:00,0.062744140625,0.5,True
validation,716091,2026-06-06T07:25:00-07:00,0.49668121337890625,0.5,True
validation,716152,2026-06-06T07:20:00-07:00,0.05980682373046875,0.5,True
validation,716152,2026-06-06T07:25:00-07:00,0.26917266845703125,0.5,True
