split,target_station,timestamp,sample_id,requested_K,mapped_candidate_count,available_candidate_count,missing_candidate_count,candidate_pool_complete,primary_selection_evaluable,structural_insufficient_candidate_count,source_history_missing_count,invalid_candidate_feature_count,complete_K5_sample,missing_candidate_reason,source_history_missing_ids,invalid_candidate_feature_ids
train,777316,2026-01-02T23:30:00-08:00,777316_1767425400_H30,5,1,1,4,False,False,4,0,0,False,INSUFFICIENT_ELIGIBLE_CANDIDATES,,
train,777316,2026-01-02T23:35:00-08:00,777316_1767425700_H30,5,1,1,4,False,False,4,0,0,False,INSUFFICIENT_ELIGIBLE_CANDIDATES,,
train,716091,2026-01-03T23:30:00-08:00,716091_1767511800_H30,5,5,5,0,True,True,0,0,0,True,,,
train,716152,2026-01-03T23:30:00-08:00,716152_1767511800_H30,5,5,5,0,True,True,0,0,0,True,,,
train,716091,2026-01-03T23:35:00-08:00,716091_1767512100_H30,5,5,5,0,True,True,0,0,0,True,,,
train,716152,2026-01-03T23:35:00-08:00,716152_1767512100_H30,5,5,5,0,True,True,0,0,0,True,,,
train,716085,2026-01-14T23:30:00-08:00,716085_1768462200_H30,5,5,5,0,True,True,0,0,0,True,,,
train,716088,2026-01-14T23:30:00-08:00,716088_1768462200_H30,5,5,5,0,True,True,0,0,0,True,,,
train,716085,2026-01-14T23:35:00-08:00,716085_1768462500_H30,5,5,5,0,True,True,0,0,0,True,,,
train,716088,2026-01-14T23:35:00-08:00,716088_1768462500_H30,5,5,5,0,True,True,0,0,0,True,,,
validation,777316,2026-06-01T23:30:00-07:00,777316_1780381800_H30,5,1,1,4,False,False,4,0,0,False,INSUFFICIENT_ELIGIBLE_CANDIDATES,,
validation,777316,2026-06-01T23:35:00-07:00,777316_1780382100_H30,5,1,1,4,False,False,4,0,0,False,INSUFFICIENT_ELIGIBLE_CANDIDATES,,
validation,716085,2026-06-06T07:20:00-07:00,716085_1780755600_H30,5,5,5,0,True,True,0,0,0,True,,,
validation,716088,2026-06-06T07:20:00-07:00,716088_1780755600_H30,5,5,5,0,True,True,0,0,0,True,,,
validation,716091,2026-06-06T07:20:00-07:00,716091_1780755600_H30,5,5,5,0,True,True,0,0,0,True,,,
validation,716152,2026-06-06T07:20:00-07:00,716152_1780755600_H30,5,5,5,0,True,True,0,0,0,True,,,
validation,716085,2026-06-06T07:25:00-07:00,716085_1780755900_H30,5,5,5,0,True,True,0,0,0,True,,,
validation,716088,2026-06-06T07:25:00-07:00,716088_1780755900_H30,5,5,5,0,True,True,0,0,0,True,,,
validation,716091,2026-06-06T07:25:00-07:00,716091_1780755900_H30,5,5,5,0,True,True,0,0,0,True,,,
validation,716152,2026-06-06T07:25:00-07:00,716152_1780755900_H30,5,5,5,0,True,True,0,0,0,True,,,
