split,target_station,timestamp,timestamp_utc,candidate_station,candidate_rank,target_speed,sample_id,prediction,candidate_loss,oracle_source,oracle_loss,oracle_rank,oracle_gap,best_worst_spread,normalized_spread
train,716091,2026-01-03T23:30:00-08:00,2026-01-04T07:30:00+00:00,717079,1,69.5,716091_1767511800_H30,64.17666625976562,5.323333740234375,716088,1.2888107299804688,4,1.202484130859375,5.207569122314453,0.07492905211963242
train,716091,2026-01-03T23:30:00-08:00,2026-01-04T07:30:00+00:00,717073,2,69.5,716091_1767511800_H30,66.71959686279297,2.7804031372070312,716088,1.2888107299804688,4,1.202484130859375,5.207569122314453,0.07492905211963242
train,716091,2026-01-03T23:30:00-08:00,2026-01-04T07:30:00+00:00,717081,3,69.5,716091_1767511800_H30,67.00870513916016,2.4912948608398438,716088,1.2888107299804688,4,1.202484130859375,5.207569122314453,0.07492905211963242
train,716091,2026-01-03T23:30:00-08:00,2026-01-04T07:30:00+00:00,716088,4,69.5,716091_1767511800_H30,68.21118927001953,1.2888107299804688,716088,1.2888107299804688,4,1.202484130859375,5.207569122314453,0.07492905211963242
train,716091,2026-01-03T23:30:00-08:00,2026-01-04T07:30:00+00:00,717071,5,69.5,716091_1767511800_H30,63.00362014770508,6.496379852294922,716088,1.2888107299804688,4,1.202484130859375,5.207569122314453,0.07492905211963242
train,716152,2026-01-03T23:30:00-08:00,2026-01-04T07:30:00+00:00,717190,1,69.80000305175781,716152_1767511800_H30,68.58622741699219,1.213775634765625,717195,0.8782501220703125,3,0.29640960693359375,2.7826080322265625,0.03986544284479779
train,716152,2026-01-03T23:30:00-08:00,2026-01-04T07:30:00+00:00,717185,2,69.80000305175781,716152_1767511800_H30,68.6253433227539,1.1746597290039062,717195,0.8782501220703125,3,0.29640960693359375,2.7826080322265625,0.03986544284479779
train,716152,2026-01-03T23:30:00-08:00,2026-01-04T07:30:00+00:00,717195,3,69.80000305175781,716152_1767511800_H30,68.9217529296875,0.8782501220703125,717195,0.8782501220703125,3,0.29640960693359375,2.7826080322265625,0.03986544284479779
train,716152,2026-01-03T23:30:00-08:00,2026-01-04T07:30:00+00:00,717198,4,69.80000305175781,716152_1767511800_H30,68.05249786376953,1.7475051879882812,717195,0.8782501220703125,3,0.29640960693359375,2.7826080322265625,0.03986544284479779
train,716152,2026-01-03T23:30:00-08:00,2026-01-04T07:30:00+00:00,763695,5,69.80000305175781,716152_1767511800_H30,66.13914489746094,3.660858154296875,717195,0.8782501220703125,3,0.29640960693359375,2.7826080322265625,0.03986544284479779
train,716091,2026-01-03T23:35:00-08:00,2026-01-04T07:35:00+00:00,717079,1,69.0,716091_1767512100_H30,63.7962760925293,5.203723907470703,716088,1.9900131225585938,4,0.5876998901367188,4.9969635009765625,0.07241976088371829
train,716091,2026-01-03T23:35:00-08:00,2026-01-04T07:35:00+00:00,717073,2,69.0,716091_1767512100_H30,64.98035430908203,4.019645690917969,716088,1.9900131225585938,4,0.5876998901367188,4.9969635009765625,0.07241976088371829
train,716091,2026-01-03T23:35:00-08:00,2026-01-04T07:35:00+00:00,717081,3,69.0,716091_1767512100_H30,66.42228698730469,2.5777130126953125,716088,1.9900131225585938,4,0.5876998901367188,4.9969635009765625,0.07241976088371829
train,716091,2026-01-03T23:35:00-08:00,2026-01-04T07:35:00+00:00,716088,4,69.0,716091_1767512100_H30,67.0099868774414,1.9900131225585938,716088,1.9900131225585938,4,0.5876998901367188,4.9969635009765625,0.07241976088371829
train,716091,2026-01-03T23:35:00-08:00,2026-01-04T07:35:00+00:00,717071,5,69.0,716091_1767512100_H30,62.013023376464844,6.986976623535156,716088,1.9900131225585938,4,0.5876998901367188,4.9969635009765625,0.07241976088371829
train,716152,2026-01-03T23:35:00-08:00,2026-01-04T07:35:00+00:00,717190,1,69.19999694824219,716152_1767512100_H30,68.44679260253906,0.753204345703125,717195,0.3043670654296875,3,0.2888946533203125,4.2230987548828125,0.06102744134571941
train,716152,2026-01-03T23:35:00-08:00,2026-01-04T07:35:00+00:00,717185,2,69.19999694824219,716152_1767512100_H30,68.60673522949219,0.59326171875,717195,0.3043670654296875,3,0.2888946533203125,4.2230987548828125,0.06102744134571941
train,716152,2026-01-03T23:35:00-08:00,2026-01-04T07:35:00+00:00,717195,3,69.19999694824219,716152_1767512100_H30,68.8956298828125,0.3043670654296875,717195,0.3043670654296875,3,0.2888946533203125,4.2230987548828125,0.06102744134571941
train,716152,2026-01-03T23:35:00-08:00,2026-01-04T07:35:00+00:00,717198,4,69.19999694824219,716152_1767512100_H30,68.02196502685547,1.1780319213867188,717195,0.3043670654296875,3,0.2888946533203125,4.2230987548828125,0.06102744134571941
train,716152,2026-01-03T23:35:00-08:00,2026-01-04T07:35:00+00:00,763695,5,69.19999694824219,716152_1767512100_H30,64.67253112792969,4.5274658203125,717195,0.3043670654296875,3,0.2888946533203125,4.2230987548828125,0.06102744134571941
train,716085,2026-01-14T23:30:00-08:00,2026-01-15T07:30:00+00:00,717070,1,69.5,716085_1768462200_H30,65.49372863769531,4.0062713623046875,716087,0.19034576416015625,2,0.46527862548828125,3.8159255981445312,0.05490540428984937
train,716085,2026-01-14T23:30:00-08:00,2026-01-15T07:30:00+00:00,716087,2,69.5,716085_1768462200_H30,69.30965423583984,0.19034576416015625,716087,0.19034576416015625,2,0.46527862548828125,3.8159255981445312,0.05490540428984937
train,716085,2026-01-14T23:30:00-08:00,2026-01-15T07:30:00+00:00,737344,3,69.5,716085_1768462200_H30,65.49372863769531,4.0062713623046875,716087,0.19034576416015625,2,0.46527862548828125,3.8159255981445312,0.05490540428984937
train,716085,2026-01-14T23:30:00-08:00,2026-01-15T07:30:00+00:00,716081,4,69.5,716085_1768462200_H30,68.84437561035156,0.6556243896484375,716087,0.19034576416015625,2,0.46527862548828125,3.8159255981445312,0.05490540428984937
train,716085,2026-01-14T23:30:00-08:00,2026-01-15T07:30:00+00:00,765451,5,69.5,716085_1768462200_H30,65.49372863769531,4.0062713623046875,716087,0.19034576416015625,2,0.46527862548828125,3.8159255981445312,0.05490540428984937
train,716088,2026-01-14T23:30:00-08:00,2026-01-15T07:30:00+00:00,717073,1,67.5999984741211,716088_1768462200_H30,67.81420135498047,0.214202880859375,717073,0.214202880859375,1,0.06125640869140625,5.1588897705078125,0.07631493915614154
train,716088,2026-01-14T23:30:00-08:00,2026-01-15T07:30:00+00:00,717071,2,67.5999984741211,716088_1768462200_H30,67.32453918457031,0.27545928955078125,717073,0.214202880859375,1,0.06125640869140625,5.1588897705078125,0.07631493915614154
train,716088,2026-01-14T23:30:00-08:00,2026-01-15T07:30:00+00:00,716084,3,67.5999984741211,716088_1768462200_H30,62.226905822753906,5.3730926513671875,717073,0.214202880859375,1,0.06125640869140625,5.1588897705078125,0.07631493915614154
train,716088,2026-01-14T23:30:00-08:00,2026-01-15T07:30:00+00:00,716091,4,67.5999984741211,716088_1768462200_H30,67.23388671875,0.36611175537109375,717073,0.214202880859375,1,0.06125640869140625,5.1588897705078125,0.07631493915614154
train,716088,2026-01-14T23:30:00-08:00,2026-01-15T07:30:00+00:00,737345,5,67.5999984741211,716088_1768462200_H30,62.226905822753906,5.3730926513671875,717073,0.214202880859375,1,0.06125640869140625,5.1588897705078125,0.07631493915614154
train,716085,2026-01-14T23:35:00-08:00,2026-01-15T07:35:00+00:00,717070,1,67.5,716085_1768462500_H30,64.11930847167969,3.3806915283203125,716081,1.1812896728515625,4,0.40048980712890625,2.19940185546875,0.03258373119212963
train,716085,2026-01-14T23:35:00-08:00,2026-01-15T07:35:00+00:00,716087,2,67.5,716085_1768462500_H30,69.08177947998047,1.5817794799804688,716081,1.1812896728515625,4,0.40048980712890625,2.19940185546875,0.03258373119212963
train,716085,2026-01-14T23:35:00-08:00,2026-01-15T07:35:00+00:00,737344,3,67.5,716085_1768462500_H30,64.11930847167969,3.3806915283203125,716081,1.1812896728515625,4,0.40048980712890625,2.19940185546875,0.03258373119212963
train,716085,2026-01-14T23:35:00-08:00,2026-01-15T07:35:00+00:00,716081,4,67.5,716085_1768462500_H30,68.68128967285156,1.1812896728515625,716081,1.1812896728515625,4,0.40048980712890625,2.19940185546875,0.03258373119212963
train,716085,2026-01-14T23:35:00-08:00,2026-01-15T07:35:00+00:00,765451,5,67.5,716085_1768462500_H30,64.11930847167969,3.3806915283203125,716081,1.1812896728515625,4,0.40048980712890625,2.19940185546875,0.03258373119212963
train,716088,2026-01-14T23:35:00-08:00,2026-01-15T07:35:00+00:00,717073,1,64.0999984741211,716088_1768462500_H30,65.01290130615234,0.91290283203125,716084,0.36801910400390625,3,0.0,2.2573318481445312,0.035215786300773114
train,716088,2026-01-14T23:35:00-08:00,2026-01-15T07:35:00+00:00,717071,2,64.0999984741211,716088_1768462500_H30,66.72534942626953,2.6253509521484375,716084,0.36801910400390625,3,0.0,2.2573318481445312,0.035215786300773114
train,716088,2026-01-14T23:35:00-08:00,2026-01-15T07:35:00+00:00,716084,3,64.0999984741211,716088_1768462500_H30,63.73197937011719,0.36801910400390625,716084,0.36801910400390625,3,0.0,2.2573318481445312,0.035215786300773114
train,716088,2026-01-14T23:35:00-08:00,2026-01-15T07:35:00+00:00,716091,4,64.0999984741211,716088_1768462500_H30,66.61392211914062,2.5139236450195312,716084,0.36801910400390625,3,0.0,2.2573318481445312,0.035215786300773114
train,716088,2026-01-14T23:35:00-08:00,2026-01-15T07:35:00+00:00,737345,5,64.0999984741211,716088_1768462500_H30,63.73197937011719,0.36801910400390625,716084,0.36801910400390625,3,0.0,2.2573318481445312,0.035215786300773114
validation,716085,2026-06-06T07:20:00-07:00,2026-06-06T14:20:00+00:00,717070,1,69.4000015258789,716085_1780755600_H30,65.89128875732422,3.5087127685546875,716081,1.0240249633789062,4,2.4846878051757812,4.033721923828125,0.058122793013541514
validation,716085,2026-06-06T07:20:00-07:00,2026-06-06T14:20:00+00:00,716087,2,69.4000015258789,716085_1780755600_H30,64.34225463867188,5.057746887207031,716081,1.0240249633789062,4,2.4846878051757812,4.033721923828125,0.058122793013541514
validation,716085,2026-06-06T07:20:00-07:00,2026-06-06T14:20:00+00:00,737344,3,69.4000015258789,716085_1780755600_H30,65.52519989013672,3.8748016357421875,716081,1.0240249633789062,4,2.4846878051757812,4.033721923828125,0.058122793013541514
validation,716085,2026-06-06T07:20:00-07:00,2026-06-06T14:20:00+00:00,716081,4,69.4000015258789,716085_1780755600_H30,68.3759765625,1.0240249633789062,716081,1.0240249633789062,4,2.4846878051757812,4.033721923828125,0.058122793013541514
validation,716085,2026-06-06T07:20:00-07:00,2026-06-06T14:20:00+00:00,765451,5,69.4000015258789,716085_1780755600_H30,65.52519989013672,3.8748016357421875,716081,1.0240249633789062,4,2.4846878051757812,4.033721923828125,0.058122793013541514
validation,716088,2026-06-06T07:20:00-07:00,2026-06-06T14:20:00+00:00,717073,1,63.79999923706055,716088_1780755600_H30,64.98860168457031,1.1886024475097656,716084,0.5398368835449219,3,0.0,0.7630538940429688,0.01196009252614099
validation,716088,2026-06-06T07:20:00-07:00,2026-06-06T14:20:00+00:00,717071,2,63.79999923706055,716088_1780755600_H30,62.60799026489258,1.1920089721679688,716084,0.5398368835449219,3,0.0,0.7630538940429688,0.01196009252614099
validation,716088,2026-06-06T07:20:00-07:00,2026-06-06T14:20:00+00:00,716084,3,63.79999923706055,716088_1780755600_H30,64.33983612060547,0.5398368835449219,716084,0.5398368835449219,3,0.0,0.7630538940429688,0.01196009252614099
validation,716088,2026-06-06T07:20:00-07:00,2026-06-06T14:20:00+00:00,716091,4,63.79999923706055,716088_1780755600_H30,65.10289001464844,1.3028907775878906,716084,0.5398368835449219,3,0.0,0.7630538940429688,0.01196009252614099
validation,716088,2026-06-06T07:20:00-07:00,2026-06-06T14:20:00+00:00,737345,5,63.79999923706055,716088_1780755600_H30,64.33983612060547,0.5398368835449219,716084,0.5398368835449219,3,0.0,0.7630538940429688,0.01196009252614099
validation,716091,2026-06-06T07:20:00-07:00,2026-06-06T14:20:00+00:00,717079,1,68.5999984741211,716091_1780755600_H30,64.38085174560547,4.219146728515625,717081,3.2567825317382812,3,0.062744140625,2.4969825744628906,0.036399163702676485
validation,716091,2026-06-06T07:20:00-07:00,2026-06-06T14:20:00+00:00,717073,2,68.5999984741211,716091_1780755600_H30,65.28047180175781,3.3195266723632812,717081,3.2567825317382812,3,0.062744140625,2.4969825744628906,0.036399163702676485
validation,716091,2026-06-06T07:20:00-07:00,2026-06-06T14:20:00+00:00,717081,3,68.5999984741211,716091_1780755600_H30,65.34321594238281,3.2567825317382812,717081,3.2567825317382812,3,0.062744140625,2.4969825744628906,0.036399163702676485
validation,716091,2026-06-06T07:20:00-07:00,2026-06-06T14:20:00+00:00,716088,4,68.5999984741211,716091_1780755600_H30,65.04597473144531,3.5540237426757812,717081,3.2567825317382812,3,0.062744140625,2.4969825744628906,0.036399163702676485
validation,716091,2026-06-06T07:20:00-07:00,2026-06-06T14:20:00+00:00,717071,5,68.5999984741211,716091_1780755600_H30,62.84623336791992,5.753765106201172,717081,3.2567825317382812,3,0.062744140625,2.4969825744628906,0.036399163702676485
validation,716152,2026-06-06T07:20:00-07:00,2026-06-06T14:20:00+00:00,717190,1,65.69999694824219,716152_1780755600_H30,65.1841812133789,0.5158157348632812,763695,0.0732574462890625,5,0.05980682373046875,0.48758697509765625,0.007421415490806986
validation,716152,2026-06-06T07:20:00-07:00,2026-06-06T14:20:00+00:00,717185,2,65.69999694824219,716152_1780755600_H30,65.56693267822266,0.13306427001953125,763695,0.0732574462890625,5,0.05980682373046875,0.48758697509765625,0.007421415490806986
validation,716152,2026-06-06T07:20:00-07:00,2026-06-06T14:20:00+00:00,717195,3,65.69999694824219,716152_1780755600_H30,65.13915252685547,0.5608444213867188,763695,0.0732574462890625,5,0.05980682373046875,0.48758697509765625,0.007421415490806986
validation,716152,2026-06-06T07:20:00-07:00,2026-06-06T14:20:00+00:00,717198,4,65.69999694824219,716152_1780755600_H30,65.39559173583984,0.30440521240234375,763695,0.0732574462890625,5,0.05980682373046875,0.48758697509765625,0.007421415490806986
validation,716152,2026-06-06T07:20:00-07:00,2026-06-06T14:20:00+00:00,763695,5,65.69999694824219,716152_1780755600_H30,65.62673950195312,0.0732574462890625,763695,0.0732574462890625,5,0.05980682373046875,0.48758697509765625,0.007421415490806986
validation,716085,2026-06-06T07:25:00-07:00,2026-06-06T14:25:00+00:00,717070,1,67.5,716085_1780755900_H30,65.92024993896484,1.5797500610351562,716081,0.7253646850585938,4,0.8543853759765625,1.5436248779296875,0.022868516710069446
validation,716085,2026-06-06T07:25:00-07:00,2026-06-06T14:25:00+00:00,716087,2,67.5,716085_1780755900_H30,65.26838684082031,2.2316131591796875,716081,0.7253646850585938,4,0.8543853759765625,1.5436248779296875,0.022868516710069446
validation,716085,2026-06-06T07:25:00-07:00,2026-06-06T14:25:00+00:00,737344,3,67.5,716085_1780755900_H30,65.23101043701172,2.2689895629882812,716081,0.7253646850585938,4,0.8543853759765625,1.5436248779296875,0.022868516710069446
validation,716085,2026-06-06T07:25:00-07:00,2026-06-06T14:25:00+00:00,716081,4,67.5,716085_1780755900_H30,68.2253646850586,0.7253646850585938,716081,0.7253646850585938,4,0.8543853759765625,1.5436248779296875,0.022868516710069446
validation,716085,2026-06-06T07:25:00-07:00,2026-06-06T14:25:00+00:00,765451,5,67.5,716085_1780755900_H30,65.23101043701172,2.2689895629882812,716081,0.7253646850585938,4,0.8543853759765625,1.5436248779296875,0.022868516710069446
validation,716088,2026-06-06T07:25:00-07:00,2026-06-06T14:25:00+00:00,717073,1,64.80000305175781,716088_1780755900_H30,65.27613067626953,0.47612762451171875,716091,0.37595367431640625,4,0.1001739501953125,2.113719940185547,0.03261913334320759
validation,716088,2026-06-06T07:25:00-07:00,2026-06-06T14:25:00+00:00,717071,2,64.80000305175781,716088_1780755900_H30,62.31032943725586,2.489673614501953,716091,0.37595367431640625,4,0.1001739501953125,2.113719940185547,0.03261913334320759
validation,716088,2026-06-06T07:25:00-07:00,2026-06-06T14:25:00+00:00,716084,3,64.80000305175781,716088_1780755900_H30,64.28658294677734,0.5134201049804688,716091,0.37595367431640625,4,0.1001739501953125,2.113719940185547,0.03261913334320759
validation,716088,2026-06-06T07:25:00-07:00,2026-06-06T14:25:00+00:00,716091,4,64.80000305175781,716088_1780755900_H30,64.4240493774414,0.37595367431640625,716091,0.37595367431640625,4,0.1001739501953125,2.113719940185547,0.03261913334320759
validation,716088,2026-06-06T07:25:00-07:00,2026-06-06T14:25:00+00:00,737345,5,64.80000305175781,716088_1780755900_H30,64.28658294677734,0.5134201049804688,716091,0.37595367431640625,4,0.1001739501953125,2.113719940185547,0.03261913334320759
validation,716091,2026-06-06T07:25:00-07:00,2026-06-06T14:25:00+00:00,717079,1,67.5999984741211,716091_1780755900_H30,64.94799041748047,2.652008056640625,717073,2.0657424926757812,2,0.49668121337890625,3.0897216796875,0.045705943038894
validation,716091,2026-06-06T07:25:00-07:00,2026-06-06T14:25:00+00:00,717073,2,67.5999984741211,716091_1780755900_H30,65.53425598144531,2.0657424926757812,717073,2.0657424926757812,2,0.49668121337890625,3.0897216796875,0.045705943038894
validation,716091,2026-06-06T07:25:00-07:00,2026-06-06T14:25:00+00:00,717081,3,67.5999984741211,716091_1780755900_H30,65.0375747680664,2.5624237060546875,717073,2.0657424926757812,2,0.49668121337890625,3.0897216796875,0.045705943038894
validation,716091,2026-06-06T07:25:00-07:00,2026-06-06T14:25:00+00:00,716088,4,67.5999984741211,716091_1780755900_H30,64.93438720703125,2.6656112670898438,717073,2.0657424926757812,2,0.49668121337890625,3.0897216796875,0.045705943038894
validation,716091,2026-06-06T07:25:00-07:00,2026-06-06T14:25:00+00:00,717071,5,67.5999984741211,716091_1780755900_H30,62.44453430175781,5.155464172363281,717073,2.0657424926757812,2,0.49668121337890625,3.0897216796875,0.045705943038894
validation,716152,2026-06-06T07:25:00-07:00,2026-06-06T14:25:00+00:00,717190,1,65.0,716152_1780755900_H30,64.69110870361328,0.30889129638671875,717198,0.0397186279296875,4,0.26917266845703125,1.207763671875,0.01858097956730769
validation,716152,2026-06-06T07:25:00-07:00,2026-06-06T14:25:00+00:00,717185,2,65.0,716152_1780755900_H30,65.42298126220703,0.42298126220703125,717198,0.0397186279296875,4,0.26917266845703125,1.207763671875,0.01858097956730769
validation,716152,2026-06-06T07:25:00-07:00,2026-06-06T14:25:00+00:00,717195,3,65.0,716152_1780755900_H30,64.66478729248047,0.33521270751953125,717198,0.0397186279296875,4,0.26917266845703125,1.207763671875,0.01858097956730769
validation,716152,2026-06-06T07:25:00-07:00,2026-06-06T14:25:00+00:00,717198,4,65.0,716152_1780755900_H30,64.96028137207031,0.0397186279296875,717198,0.0397186279296875,4,0.26917266845703125,1.207763671875,0.01858097956730769
validation,716152,2026-06-06T07:25:00-07:00,2026-06-06T14:25:00+00:00,763695,5,65.0,716152_1780755900_H30,66.24748229980469,1.2474822998046875,717198,0.0397186279296875,4,0.26917266845703125,1.207763671875,0.01858097956730769
