comparison,metric,observed_difference,bootstrap_mean,ci95_lower,ci95_upper,repetitions,cluster,seed,development_only
MINUS_Q minus FULL_QSDC,delta_mean_normalized_regret,0.15513397173993015,0.16091712357302845,0.05686650771891279,0.2916852992379806,200,target_station,20260924,True
MINUS_Q minus FULL_QSDC,delta_near_oracle_hit_rate,-0.19883040935672514,-0.20823804981460234,-0.3503942523678299,-0.049689440993788817,200,target_station,20260924,True
MINUS_S minus FULL_QSDC,delta_mean_normalized_regret,-0.027338744229483222,-0.026260827846041362,-0.0865794183466217,0.039261019840094794,200,target_station,20260924,True
MINUS_S minus FULL_QSDC,delta_near_oracle_hit_rate,0.04093567251461988,0.03997037837418716,-0.04216867469879518,0.10512584407612036,200,target_station,20260924,True
MINUS_D minus FULL_QSDC,delta_mean_normalized_regret,-0.0007772132016511829,-0.0014982989891948108,-0.015156314317134061,0.010499139103703007,200,target_station,20260924,True
MINUS_D minus FULL_QSDC,delta_near_oracle_hit_rate,0.04093567251461988,0.04240711393804041,0.01748214758000529,0.06434973302822274,200,target_station,20260924,True
MINUS_C minus FULL_QSDC,delta_mean_normalized_regret,0.0058136341625733825,0.005592243457624902,0.00021217697818780312,0.012202221035223955,200,target_station,20260924,True
MINUS_C minus FULL_QSDC,delta_near_oracle_hit_rate,-0.005847953216374269,-0.005468581764155686,-0.015085090400455886,0.0,200,target_station,20260924,True
Q_ONLY minus FULL_QSDC,delta_mean_normalized_regret,-0.02722626740415293,-0.024447900796357735,-0.09641451897373342,0.06401676132160497,200,target_station,20260924,True
Q_ONLY minus FULL_QSDC,delta_near_oracle_hit_rate,0.05263157894736842,0.05049812455222604,-0.07432432432432433,0.13279240625367347,200,target_station,20260924,True
QS_ONLY minus FULL_QSDC,delta_mean_normalized_regret,-0.005560360663714943,-0.006089588786007008,-0.02103470625112878,0.006120356362253856,200,target_station,20260924,True
QS_ONLY minus FULL_QSDC,delta_near_oracle_hit_rate,0.017543859649122806,0.01848092801136519,0.0,0.03804347826086957,200,target_station,20260924,True
