horizon,split,feature,N,missing_n,missing_pct
H30,TRAIN,freeway,8702892,0,0.0
H30,TRAIN,direction,8702892,0,0.0
H30,TRAIN,latitude,8702892,0,0.0
H30,TRAIN,longitude,8702892,0,0.0
H30,TRAIN,lanes,8702892,0,0.0
H30,TRAIN,station_length,8702892,0,0.0
H30,TRAIN,speed_lag00,8702892,0,0.0
H30,TRAIN,speed_lag01,8702892,0,0.0
H30,TRAIN,speed_lag02,8702892,0,0.0
H30,TRAIN,speed_lag03,8702892,0,0.0
H30,TRAIN,speed_lag04,8702892,0,0.0
H30,TRAIN,speed_lag05,8702892,0,0.0
H30,TRAIN,speed_lag06,8702892,0,0.0
H30,TRAIN,speed_lag07,8702892,0,0.0
H30,TRAIN,speed_lag08,8702892,0,0.0
H30,TRAIN,speed_lag09,8702892,0,0.0
H30,TRAIN,speed_lag10,8702892,0,0.0
H30,TRAIN,speed_lag11,8702892,0,0.0
H30,TRAIN,speed_mean_60m,8702892,0,0.0
H30,TRAIN,speed_std_60m,8702892,0,0.0
H30,TRAIN,speed_min_60m,8702892,0,0.0
H30,TRAIN,speed_max_60m,8702892,0,0.0
H30,TRAIN,flow_lag00,8702892,0,0.0
H30,TRAIN,flow_lag01,8702892,0,0.0
H30,TRAIN,flow_lag02,8702892,0,0.0
H30,TRAIN,flow_lag03,8702892,0,0.0
H30,TRAIN,flow_lag04,8702892,0,0.0
H30,TRAIN,flow_lag05,8702892,0,0.0
H30,TRAIN,flow_lag06,8702892,0,0.0
H30,TRAIN,flow_lag07,8702892,0,0.0
H30,TRAIN,flow_lag08,8702892,0,0.0
H30,TRAIN,flow_lag09,8702892,0,0.0
H30,TRAIN,flow_lag10,8702892,0,0.0
H30,TRAIN,flow_lag11,8702892,0,0.0
H30,TRAIN,flow_mean_60m,8702892,0,0.0
H30,TRAIN,flow_std_60m,8702892,0,0.0
H30,TRAIN,occupancy_lag00,8702892,0,0.0
H30,TRAIN,occupancy_lag01,8702892,0,0.0
H30,TRAIN,occupancy_lag02,8702892,0,0.0
H30,TRAIN,occupancy_lag03,8702892,0,0.0
H30,TRAIN,occupancy_lag04,8702892,0,0.0
H30,TRAIN,occupancy_lag05,8702892,0,0.0
H30,TRAIN,occupancy_lag06,8702892,0,0.0
H30,TRAIN,occupancy_lag07,8702892,0,0.0
H30,TRAIN,occupancy_lag08,8702892,0,0.0
H30,TRAIN,occupancy_lag09,8702892,0,0.0
H30,TRAIN,occupancy_lag10,8702892,0,0.0
H30,TRAIN,occupancy_lag11,8702892,0,0.0
H30,TRAIN,occupancy_mean_60m,8702892,0,0.0
H30,TRAIN,occupancy_std_60m,8702892,0,0.0
H30,TRAIN,observed_pct_lag00,8702892,0,0.0
H30,TRAIN,observed_pct_lag01,8702892,0,0.0
H30,TRAIN,observed_pct_lag02,8702892,0,0.0
H30,TRAIN,observed_pct_lag03,8702892,0,0.0
H30,TRAIN,observed_pct_lag04,8702892,0,0.0
H30,TRAIN,observed_pct_lag05,8702892,0,0.0
H30,TRAIN,observed_pct_lag06,8702892,0,0.0
H30,TRAIN,observed_pct_lag07,8702892,0,0.0
H30,TRAIN,observed_pct_lag08,8702892,0,0.0
H30,TRAIN,observed_pct_lag09,8702892,0,0.0
H30,TRAIN,observed_pct_lag10,8702892,0,0.0
H30,TRAIN,observed_pct_lag11,8702892,0,0.0
H30,TRAIN,observed_pct_mean_60m,8702892,0,0.0
H30,TRAIN,observed_pct_min_60m,8702892,0,0.0
H30,TRAIN,observed_pct_zero_count_60m,8702892,0,0.0
H30,TRAIN,samples_lag00,8702892,0,0.0
H30,TRAIN,samples_lag01,8702892,0,0.0
H30,TRAIN,samples_lag02,8702892,0,0.0
H30,TRAIN,samples_lag03,8702892,0,0.0
H30,TRAIN,samples_lag04,8702892,0,0.0
H30,TRAIN,samples_lag05,8702892,0,0.0
H30,TRAIN,samples_lag06,8702892,0,0.0
H30,TRAIN,samples_lag07,8702892,0,0.0
H30,TRAIN,samples_lag08,8702892,0,0.0
H30,TRAIN,samples_lag09,8702892,0,0.0
H30,TRAIN,samples_lag10,8702892,0,0.0
H30,TRAIN,samples_lag11,8702892,0,0.0
H30,TRAIN,input_observed_pct,8702892,0,0.0
H30,TRAIN,input_quality_bin,8702892,0,0.0
H30,TRAIN,hour,8702892,0,0.0
H30,TRAIN,minute,8702892,0,0.0
H30,TRAIN,day_of_week,8702892,0,0.0
H30,TRAIN,is_weekend,8702892,0,0.0
H30,TRAIN,time_of_day_sin,8702892,0,0.0
H30,TRAIN,time_of_day_cos,8702892,0,0.0
H30,TRAIN,day_of_week_sin,8702892,0,0.0
H30,TRAIN,day_of_week_cos,8702892,0,0.0
H30,TRAIN,speed_flag,8702892,0,0.0
H30,TRAIN,flow_flag,8702892,0,0.0
H30,TRAIN,occupancy_flag,8702892,0,0.0
H30,VALIDATION,freeway,1505050,0,0.0
H30,VALIDATION,direction,1505050,0,0.0
H30,VALIDATION,latitude,1505050,0,0.0
H30,VALIDATION,longitude,1505050,0,0.0
H30,VALIDATION,lanes,1505050,0,0.0
H30,VALIDATION,station_length,1505050,0,0.0
H30,VALIDATION,speed_lag00,1505050,0,0.0
H30,VALIDATION,speed_lag01,1505050,0,0.0
H30,VALIDATION,speed_lag02,1505050,0,0.0
H30,VALIDATION,speed_lag03,1505050,0,0.0
H30,VALIDATION,speed_lag04,1505050,0,0.0
H30,VALIDATION,speed_lag05,1505050,0,0.0
H30,VALIDATION,speed_lag06,1505050,0,0.0
H30,VALIDATION,speed_lag07,1505050,0,0.0
H30,VALIDATION,speed_lag08,1505050,0,0.0
H30,VALIDATION,speed_lag09,1505050,0,0.0
H30,VALIDATION,speed_lag10,1505050,0,0.0
H30,VALIDATION,speed_lag11,1505050,0,0.0
H30,VALIDATION,speed_mean_60m,1505050,0,0.0
H30,VALIDATION,speed_std_60m,1505050,0,0.0
H30,VALIDATION,speed_min_60m,1505050,0,0.0
H30,VALIDATION,speed_max_60m,1505050,0,0.0
H30,VALIDATION,flow_lag00,1505050,0,0.0
H30,VALIDATION,flow_lag01,1505050,0,0.0
H30,VALIDATION,flow_lag02,1505050,0,0.0
H30,VALIDATION,flow_lag03,1505050,0,0.0
H30,VALIDATION,flow_lag04,1505050,0,0.0
H30,VALIDATION,flow_lag05,1505050,0,0.0
H30,VALIDATION,flow_lag06,1505050,0,0.0
H30,VALIDATION,flow_lag07,1505050,0,0.0
H30,VALIDATION,flow_lag08,1505050,0,0.0
H30,VALIDATION,flow_lag09,1505050,0,0.0
H30,VALIDATION,flow_lag10,1505050,0,0.0
H30,VALIDATION,flow_lag11,1505050,0,0.0
H30,VALIDATION,flow_mean_60m,1505050,0,0.0
H30,VALIDATION,flow_std_60m,1505050,0,0.0
H30,VALIDATION,occupancy_lag00,1505050,0,0.0
H30,VALIDATION,occupancy_lag01,1505050,0,0.0
H30,VALIDATION,occupancy_lag02,1505050,0,0.0
H30,VALIDATION,occupancy_lag03,1505050,0,0.0
H30,VALIDATION,occupancy_lag04,1505050,0,0.0
H30,VALIDATION,occupancy_lag05,1505050,0,0.0
H30,VALIDATION,occupancy_lag06,1505050,0,0.0
H30,VALIDATION,occupancy_lag07,1505050,0,0.0
H30,VALIDATION,occupancy_lag08,1505050,0,0.0
H30,VALIDATION,occupancy_lag09,1505050,0,0.0
H30,VALIDATION,occupancy_lag10,1505050,0,0.0
H30,VALIDATION,occupancy_lag11,1505050,0,0.0
H30,VALIDATION,occupancy_mean_60m,1505050,0,0.0
H30,VALIDATION,occupancy_std_60m,1505050,0,0.0
H30,VALIDATION,observed_pct_lag00,1505050,0,0.0
H30,VALIDATION,observed_pct_lag01,1505050,0,0.0
H30,VALIDATION,observed_pct_lag02,1505050,0,0.0
H30,VALIDATION,observed_pct_lag03,1505050,0,0.0
H30,VALIDATION,observed_pct_lag04,1505050,0,0.0
H30,VALIDATION,observed_pct_lag05,1505050,0,0.0
H30,VALIDATION,observed_pct_lag06,1505050,0,0.0
H30,VALIDATION,observed_pct_lag07,1505050,0,0.0
H30,VALIDATION,observed_pct_lag08,1505050,0,0.0
H30,VALIDATION,observed_pct_lag09,1505050,0,0.0
H30,VALIDATION,observed_pct_lag10,1505050,0,0.0
H30,VALIDATION,observed_pct_lag11,1505050,0,0.0
H30,VALIDATION,observed_pct_mean_60m,1505050,0,0.0
H30,VALIDATION,observed_pct_min_60m,1505050,0,0.0
H30,VALIDATION,observed_pct_zero_count_60m,1505050,0,0.0
H30,VALIDATION,samples_lag00,1505050,0,0.0
H30,VALIDATION,samples_lag01,1505050,0,0.0
H30,VALIDATION,samples_lag02,1505050,0,0.0
H30,VALIDATION,samples_lag03,1505050,0,0.0
H30,VALIDATION,samples_lag04,1505050,0,0.0
H30,VALIDATION,samples_lag05,1505050,0,0.0
H30,VALIDATION,samples_lag06,1505050,0,0.0
H30,VALIDATION,samples_lag07,1505050,0,0.0
H30,VALIDATION,samples_lag08,1505050,0,0.0
H30,VALIDATION,samples_lag09,1505050,0,0.0
H30,VALIDATION,samples_lag10,1505050,0,0.0
H30,VALIDATION,samples_lag11,1505050,0,0.0
H30,VALIDATION,input_observed_pct,1505050,0,0.0
H30,VALIDATION,input_quality_bin,1505050,0,0.0
H30,VALIDATION,hour,1505050,0,0.0
H30,VALIDATION,minute,1505050,0,0.0
H30,VALIDATION,day_of_week,1505050,0,0.0
H30,VALIDATION,is_weekend,1505050,0,0.0
H30,VALIDATION,time_of_day_sin,1505050,0,0.0
H30,VALIDATION,time_of_day_cos,1505050,0,0.0
H30,VALIDATION,day_of_week_sin,1505050,0,0.0
H30,VALIDATION,day_of_week_cos,1505050,0,0.0
H30,VALIDATION,speed_flag,1505050,0,0.0
H30,VALIDATION,flow_flag,1505050,0,0.0
H30,VALIDATION,occupancy_flag,1505050,0,0.0
H30,TEST,freeway,3239727,0,0.0
H30,TEST,direction,3239727,0,0.0
H30,TEST,latitude,3239727,0,0.0
H30,TEST,longitude,3239727,0,0.0
H30,TEST,lanes,3239727,0,0.0
H30,TEST,station_length,3239727,0,0.0
H30,TEST,speed_lag00,3239727,0,0.0
H30,TEST,speed_lag01,3239727,0,0.0
H30,TEST,speed_lag02,3239727,0,0.0
H30,TEST,speed_lag03,3239727,0,0.0
H30,TEST,speed_lag04,3239727,0,0.0
H30,TEST,speed_lag05,3239727,0,0.0
H30,TEST,speed_lag06,3239727,0,0.0
H30,TEST,speed_lag07,3239727,0,0.0
H30,TEST,speed_lag08,3239727,0,0.0
H30,TEST,speed_lag09,3239727,0,0.0
H30,TEST,speed_lag10,3239727,0,0.0
H30,TEST,speed_lag11,3239727,0,0.0
H30,TEST,speed_mean_60m,3239727,0,0.0
H30,TEST,speed_std_60m,3239727,0,0.0
H30,TEST,speed_min_60m,3239727,0,0.0
H30,TEST,speed_max_60m,3239727,0,0.0
H30,TEST,flow_lag00,3239727,0,0.0
H30,TEST,flow_lag01,3239727,0,0.0
H30,TEST,flow_lag02,3239727,0,0.0
H30,TEST,flow_lag03,3239727,0,0.0
H30,TEST,flow_lag04,3239727,0,0.0
H30,TEST,flow_lag05,3239727,0,0.0
H30,TEST,flow_lag06,3239727,0,0.0
H30,TEST,flow_lag07,3239727,0,0.0
H30,TEST,flow_lag08,3239727,0,0.0
H30,TEST,flow_lag09,3239727,0,0.0
H30,TEST,flow_lag10,3239727,0,0.0
H30,TEST,flow_lag11,3239727,0,0.0
H30,TEST,flow_mean_60m,3239727,0,0.0
H30,TEST,flow_std_60m,3239727,0,0.0
H30,TEST,occupancy_lag00,3239727,0,0.0
H30,TEST,occupancy_lag01,3239727,0,0.0
H30,TEST,occupancy_lag02,3239727,0,0.0
H30,TEST,occupancy_lag03,3239727,0,0.0
H30,TEST,occupancy_lag04,3239727,0,0.0
H30,TEST,occupancy_lag05,3239727,0,0.0
H30,TEST,occupancy_lag06,3239727,0,0.0
H30,TEST,occupancy_lag07,3239727,0,0.0
H30,TEST,occupancy_lag08,3239727,0,0.0
H30,TEST,occupancy_lag09,3239727,0,0.0
H30,TEST,occupancy_lag10,3239727,0,0.0
H30,TEST,occupancy_lag11,3239727,0,0.0
H30,TEST,occupancy_mean_60m,3239727,0,0.0
H30,TEST,occupancy_std_60m,3239727,0,0.0
H30,TEST,observed_pct_lag00,3239727,0,0.0
H30,TEST,observed_pct_lag01,3239727,0,0.0
H30,TEST,observed_pct_lag02,3239727,0,0.0
H30,TEST,observed_pct_lag03,3239727,0,0.0
H30,TEST,observed_pct_lag04,3239727,0,0.0
H30,TEST,observed_pct_lag05,3239727,0,0.0
H30,TEST,observed_pct_lag06,3239727,0,0.0
H30,TEST,observed_pct_lag07,3239727,0,0.0
H30,TEST,observed_pct_lag08,3239727,0,0.0
H30,TEST,observed_pct_lag09,3239727,0,0.0
H30,TEST,observed_pct_lag10,3239727,0,0.0
H30,TEST,observed_pct_lag11,3239727,0,0.0
H30,TEST,observed_pct_mean_60m,3239727,0,0.0
H30,TEST,observed_pct_min_60m,3239727,0,0.0
H30,TEST,observed_pct_zero_count_60m,3239727,0,0.0
H30,TEST,samples_lag00,3239727,0,0.0
H30,TEST,samples_lag01,3239727,0,0.0
H30,TEST,samples_lag02,3239727,0,0.0
H30,TEST,samples_lag03,3239727,0,0.0
H30,TEST,samples_lag04,3239727,0,0.0
H30,TEST,samples_lag05,3239727,0,0.0
H30,TEST,samples_lag06,3239727,0,0.0
H30,TEST,samples_lag07,3239727,0,0.0
H30,TEST,samples_lag08,3239727,0,0.0
H30,TEST,samples_lag09,3239727,0,0.0
H30,TEST,samples_lag10,3239727,0,0.0
H30,TEST,samples_lag11,3239727,0,0.0
H30,TEST,input_observed_pct,3239727,0,0.0
H30,TEST,input_quality_bin,3239727,0,0.0
H30,TEST,hour,3239727,0,0.0
H30,TEST,minute,3239727,0,0.0
H30,TEST,day_of_week,3239727,0,0.0
H30,TEST,is_weekend,3239727,0,0.0
H30,TEST,time_of_day_sin,3239727,0,0.0
H30,TEST,time_of_day_cos,3239727,0,0.0
H30,TEST,day_of_week_sin,3239727,0,0.0
H30,TEST,day_of_week_cos,3239727,0,0.0
H30,TEST,speed_flag,3239727,0,0.0
H30,TEST,flow_flag,3239727,0,0.0
H30,TEST,occupancy_flag,3239727,0,0.0
H60,TRAIN,freeway,8701128,0,0.0
H60,TRAIN,direction,8701128,0,0.0
H60,TRAIN,latitude,8701128,0,0.0
H60,TRAIN,longitude,8701128,0,0.0
H60,TRAIN,lanes,8701128,0,0.0
H60,TRAIN,station_length,8701128,0,0.0
H60,TRAIN,speed_lag00,8701128,0,0.0
H60,TRAIN,speed_lag01,8701128,0,0.0
H60,TRAIN,speed_lag02,8701128,0,0.0
H60,TRAIN,speed_lag03,8701128,0,0.0
H60,TRAIN,speed_lag04,8701128,0,0.0
H60,TRAIN,speed_lag05,8701128,0,0.0
H60,TRAIN,speed_lag06,8701128,0,0.0
H60,TRAIN,speed_lag07,8701128,0,0.0
H60,TRAIN,speed_lag08,8701128,0,0.0
H60,TRAIN,speed_lag09,8701128,0,0.0
H60,TRAIN,speed_lag10,8701128,0,0.0
H60,TRAIN,speed_lag11,8701128,0,0.0
H60,TRAIN,speed_mean_60m,8701128,0,0.0
H60,TRAIN,speed_std_60m,8701128,0,0.0
H60,TRAIN,speed_min_60m,8701128,0,0.0
H60,TRAIN,speed_max_60m,8701128,0,0.0
H60,TRAIN,flow_lag00,8701128,0,0.0
H60,TRAIN,flow_lag01,8701128,0,0.0
H60,TRAIN,flow_lag02,8701128,0,0.0
H60,TRAIN,flow_lag03,8701128,0,0.0
H60,TRAIN,flow_lag04,8701128,0,0.0
H60,TRAIN,flow_lag05,8701128,0,0.0
H60,TRAIN,flow_lag06,8701128,0,0.0
H60,TRAIN,flow_lag07,8701128,0,0.0
H60,TRAIN,flow_lag08,8701128,0,0.0
H60,TRAIN,flow_lag09,8701128,0,0.0
H60,TRAIN,flow_lag10,8701128,0,0.0
H60,TRAIN,flow_lag11,8701128,0,0.0
H60,TRAIN,flow_mean_60m,8701128,0,0.0
H60,TRAIN,flow_std_60m,8701128,0,0.0
H60,TRAIN,occupancy_lag00,8701128,0,0.0
H60,TRAIN,occupancy_lag01,8701128,0,0.0
H60,TRAIN,occupancy_lag02,8701128,0,0.0
H60,TRAIN,occupancy_lag03,8701128,0,0.0
H60,TRAIN,occupancy_lag04,8701128,0,0.0
H60,TRAIN,occupancy_lag05,8701128,0,0.0
H60,TRAIN,occupancy_lag06,8701128,0,0.0
H60,TRAIN,occupancy_lag07,8701128,0,0.0
H60,TRAIN,occupancy_lag08,8701128,0,0.0
H60,TRAIN,occupancy_lag09,8701128,0,0.0
H60,TRAIN,occupancy_lag10,8701128,0,0.0
H60,TRAIN,occupancy_lag11,8701128,0,0.0
H60,TRAIN,occupancy_mean_60m,8701128,0,0.0
H60,TRAIN,occupancy_std_60m,8701128,0,0.0
H60,TRAIN,observed_pct_lag00,8701128,0,0.0
H60,TRAIN,observed_pct_lag01,8701128,0,0.0
H60,TRAIN,observed_pct_lag02,8701128,0,0.0
H60,TRAIN,observed_pct_lag03,8701128,0,0.0
H60,TRAIN,observed_pct_lag04,8701128,0,0.0
H60,TRAIN,observed_pct_lag05,8701128,0,0.0
H60,TRAIN,observed_pct_lag06,8701128,0,0.0
H60,TRAIN,observed_pct_lag07,8701128,0,0.0
H60,TRAIN,observed_pct_lag08,8701128,0,0.0
H60,TRAIN,observed_pct_lag09,8701128,0,0.0
H60,TRAIN,observed_pct_lag10,8701128,0,0.0
H60,TRAIN,observed_pct_lag11,8701128,0,0.0
H60,TRAIN,observed_pct_mean_60m,8701128,0,0.0
H60,TRAIN,observed_pct_min_60m,8701128,0,0.0
H60,TRAIN,observed_pct_zero_count_60m,8701128,0,0.0
H60,TRAIN,samples_lag00,8701128,0,0.0
H60,TRAIN,samples_lag01,8701128,0,0.0
H60,TRAIN,samples_lag02,8701128,0,0.0
H60,TRAIN,samples_lag03,8701128,0,0.0
H60,TRAIN,samples_lag04,8701128,0,0.0
H60,TRAIN,samples_lag05,8701128,0,0.0
H60,TRAIN,samples_lag06,8701128,0,0.0
H60,TRAIN,samples_lag07,8701128,0,0.0
H60,TRAIN,samples_lag08,8701128,0,0.0
H60,TRAIN,samples_lag09,8701128,0,0.0
H60,TRAIN,samples_lag10,8701128,0,0.0
H60,TRAIN,samples_lag11,8701128,0,0.0
H60,TRAIN,input_observed_pct,8701128,0,0.0
H60,TRAIN,input_quality_bin,8701128,0,0.0
H60,TRAIN,hour,8701128,0,0.0
H60,TRAIN,minute,8701128,0,0.0
H60,TRAIN,day_of_week,8701128,0,0.0
H60,TRAIN,is_weekend,8701128,0,0.0
H60,TRAIN,time_of_day_sin,8701128,0,0.0
H60,TRAIN,time_of_day_cos,8701128,0,0.0
H60,TRAIN,day_of_week_sin,8701128,0,0.0
H60,TRAIN,day_of_week_cos,8701128,0,0.0
H60,TRAIN,speed_flag,8701128,0,0.0
H60,TRAIN,flow_flag,8701128,0,0.0
H60,TRAIN,occupancy_flag,8701128,0,0.0
H60,VALIDATION,freeway,1504462,0,0.0
H60,VALIDATION,direction,1504462,0,0.0
H60,VALIDATION,latitude,1504462,0,0.0
H60,VALIDATION,longitude,1504462,0,0.0
H60,VALIDATION,lanes,1504462,0,0.0
H60,VALIDATION,station_length,1504462,0,0.0
H60,VALIDATION,speed_lag00,1504462,0,0.0
H60,VALIDATION,speed_lag01,1504462,0,0.0
H60,VALIDATION,speed_lag02,1504462,0,0.0
H60,VALIDATION,speed_lag03,1504462,0,0.0
H60,VALIDATION,speed_lag04,1504462,0,0.0
H60,VALIDATION,speed_lag05,1504462,0,0.0
H60,VALIDATION,speed_lag06,1504462,0,0.0
H60,VALIDATION,speed_lag07,1504462,0,0.0
H60,VALIDATION,speed_lag08,1504462,0,0.0
H60,VALIDATION,speed_lag09,1504462,0,0.0
H60,VALIDATION,speed_lag10,1504462,0,0.0
H60,VALIDATION,speed_lag11,1504462,0,0.0
H60,VALIDATION,speed_mean_60m,1504462,0,0.0
H60,VALIDATION,speed_std_60m,1504462,0,0.0
H60,VALIDATION,speed_min_60m,1504462,0,0.0
H60,VALIDATION,speed_max_60m,1504462,0,0.0
H60,VALIDATION,flow_lag00,1504462,0,0.0
H60,VALIDATION,flow_lag01,1504462,0,0.0
H60,VALIDATION,flow_lag02,1504462,0,0.0
H60,VALIDATION,flow_lag03,1504462,0,0.0
H60,VALIDATION,flow_lag04,1504462,0,0.0
H60,VALIDATION,flow_lag05,1504462,0,0.0
H60,VALIDATION,flow_lag06,1504462,0,0.0
H60,VALIDATION,flow_lag07,1504462,0,0.0
H60,VALIDATION,flow_lag08,1504462,0,0.0
H60,VALIDATION,flow_lag09,1504462,0,0.0
H60,VALIDATION,flow_lag10,1504462,0,0.0
H60,VALIDATION,flow_lag11,1504462,0,0.0
H60,VALIDATION,flow_mean_60m,1504462,0,0.0
H60,VALIDATION,flow_std_60m,1504462,0,0.0
H60,VALIDATION,occupancy_lag00,1504462,0,0.0
H60,VALIDATION,occupancy_lag01,1504462,0,0.0
H60,VALIDATION,occupancy_lag02,1504462,0,0.0
H60,VALIDATION,occupancy_lag03,1504462,0,0.0
H60,VALIDATION,occupancy_lag04,1504462,0,0.0
H60,VALIDATION,occupancy_lag05,1504462,0,0.0
H60,VALIDATION,occupancy_lag06,1504462,0,0.0
H60,VALIDATION,occupancy_lag07,1504462,0,0.0
H60,VALIDATION,occupancy_lag08,1504462,0,0.0
H60,VALIDATION,occupancy_lag09,1504462,0,0.0
H60,VALIDATION,occupancy_lag10,1504462,0,0.0
H60,VALIDATION,occupancy_lag11,1504462,0,0.0
H60,VALIDATION,occupancy_mean_60m,1504462,0,0.0
H60,VALIDATION,occupancy_std_60m,1504462,0,0.0
H60,VALIDATION,observed_pct_lag00,1504462,0,0.0
H60,VALIDATION,observed_pct_lag01,1504462,0,0.0
H60,VALIDATION,observed_pct_lag02,1504462,0,0.0
H60,VALIDATION,observed_pct_lag03,1504462,0,0.0
H60,VALIDATION,observed_pct_lag04,1504462,0,0.0
H60,VALIDATION,observed_pct_lag05,1504462,0,0.0
H60,VALIDATION,observed_pct_lag06,1504462,0,0.0
H60,VALIDATION,observed_pct_lag07,1504462,0,0.0
H60,VALIDATION,observed_pct_lag08,1504462,0,0.0
H60,VALIDATION,observed_pct_lag09,1504462,0,0.0
H60,VALIDATION,observed_pct_lag10,1504462,0,0.0
H60,VALIDATION,observed_pct_lag11,1504462,0,0.0
H60,VALIDATION,observed_pct_mean_60m,1504462,0,0.0
H60,VALIDATION,observed_pct_min_60m,1504462,0,0.0
H60,VALIDATION,observed_pct_zero_count_60m,1504462,0,0.0
H60,VALIDATION,samples_lag00,1504462,0,0.0
H60,VALIDATION,samples_lag01,1504462,0,0.0
H60,VALIDATION,samples_lag02,1504462,0,0.0
H60,VALIDATION,samples_lag03,1504462,0,0.0
H60,VALIDATION,samples_lag04,1504462,0,0.0
H60,VALIDATION,samples_lag05,1504462,0,0.0
H60,VALIDATION,samples_lag06,1504462,0,0.0
H60,VALIDATION,samples_lag07,1504462,0,0.0
H60,VALIDATION,samples_lag08,1504462,0,0.0
H60,VALIDATION,samples_lag09,1504462,0,0.0
H60,VALIDATION,samples_lag10,1504462,0,0.0
H60,VALIDATION,samples_lag11,1504462,0,0.0
H60,VALIDATION,input_observed_pct,1504462,0,0.0
H60,VALIDATION,input_quality_bin,1504462,0,0.0
H60,VALIDATION,hour,1504462,0,0.0
H60,VALIDATION,minute,1504462,0,0.0
H60,VALIDATION,day_of_week,1504462,0,0.0
H60,VALIDATION,is_weekend,1504462,0,0.0
H60,VALIDATION,time_of_day_sin,1504462,0,0.0
H60,VALIDATION,time_of_day_cos,1504462,0,0.0
H60,VALIDATION,day_of_week_sin,1504462,0,0.0
H60,VALIDATION,day_of_week_cos,1504462,0,0.0
H60,VALIDATION,speed_flag,1504462,0,0.0
H60,VALIDATION,flow_flag,1504462,0,0.0
H60,VALIDATION,occupancy_flag,1504462,0,0.0
H60,TEST,freeway,3238635,0,0.0
H60,TEST,direction,3238635,0,0.0
H60,TEST,latitude,3238635,0,0.0
H60,TEST,longitude,3238635,0,0.0
H60,TEST,lanes,3238635,0,0.0
H60,TEST,station_length,3238635,0,0.0
H60,TEST,speed_lag00,3238635,0,0.0
H60,TEST,speed_lag01,3238635,0,0.0
H60,TEST,speed_lag02,3238635,0,0.0
H60,TEST,speed_lag03,3238635,0,0.0
H60,TEST,speed_lag04,3238635,0,0.0
H60,TEST,speed_lag05,3238635,0,0.0
H60,TEST,speed_lag06,3238635,0,0.0
H60,TEST,speed_lag07,3238635,0,0.0
H60,TEST,speed_lag08,3238635,0,0.0
H60,TEST,speed_lag09,3238635,0,0.0
H60,TEST,speed_lag10,3238635,0,0.0
H60,TEST,speed_lag11,3238635,0,0.0
H60,TEST,speed_mean_60m,3238635,0,0.0
H60,TEST,speed_std_60m,3238635,0,0.0
H60,TEST,speed_min_60m,3238635,0,0.0
H60,TEST,speed_max_60m,3238635,0,0.0
H60,TEST,flow_lag00,3238635,0,0.0
H60,TEST,flow_lag01,3238635,0,0.0
H60,TEST,flow_lag02,3238635,0,0.0
H60,TEST,flow_lag03,3238635,0,0.0
H60,TEST,flow_lag04,3238635,0,0.0
H60,TEST,flow_lag05,3238635,0,0.0
H60,TEST,flow_lag06,3238635,0,0.0
H60,TEST,flow_lag07,3238635,0,0.0
H60,TEST,flow_lag08,3238635,0,0.0
H60,TEST,flow_lag09,3238635,0,0.0
H60,TEST,flow_lag10,3238635,0,0.0
H60,TEST,flow_lag11,3238635,0,0.0
H60,TEST,flow_mean_60m,3238635,0,0.0
H60,TEST,flow_std_60m,3238635,0,0.0
H60,TEST,occupancy_lag00,3238635,0,0.0
H60,TEST,occupancy_lag01,3238635,0,0.0
H60,TEST,occupancy_lag02,3238635,0,0.0
H60,TEST,occupancy_lag03,3238635,0,0.0
H60,TEST,occupancy_lag04,3238635,0,0.0
H60,TEST,occupancy_lag05,3238635,0,0.0
H60,TEST,occupancy_lag06,3238635,0,0.0
H60,TEST,occupancy_lag07,3238635,0,0.0
H60,TEST,occupancy_lag08,3238635,0,0.0
H60,TEST,occupancy_lag09,3238635,0,0.0
H60,TEST,occupancy_lag10,3238635,0,0.0
H60,TEST,occupancy_lag11,3238635,0,0.0
H60,TEST,occupancy_mean_60m,3238635,0,0.0
H60,TEST,occupancy_std_60m,3238635,0,0.0
H60,TEST,observed_pct_lag00,3238635,0,0.0
H60,TEST,observed_pct_lag01,3238635,0,0.0
H60,TEST,observed_pct_lag02,3238635,0,0.0
H60,TEST,observed_pct_lag03,3238635,0,0.0
H60,TEST,observed_pct_lag04,3238635,0,0.0
H60,TEST,observed_pct_lag05,3238635,0,0.0
H60,TEST,observed_pct_lag06,3238635,0,0.0
H60,TEST,observed_pct_lag07,3238635,0,0.0
H60,TEST,observed_pct_lag08,3238635,0,0.0
H60,TEST,observed_pct_lag09,3238635,0,0.0
H60,TEST,observed_pct_lag10,3238635,0,0.0
H60,TEST,observed_pct_lag11,3238635,0,0.0
H60,TEST,observed_pct_mean_60m,3238635,0,0.0
H60,TEST,observed_pct_min_60m,3238635,0,0.0
H60,TEST,observed_pct_zero_count_60m,3238635,0,0.0
H60,TEST,samples_lag00,3238635,0,0.0
H60,TEST,samples_lag01,3238635,0,0.0
H60,TEST,samples_lag02,3238635,0,0.0
H60,TEST,samples_lag03,3238635,0,0.0
H60,TEST,samples_lag04,3238635,0,0.0
H60,TEST,samples_lag05,3238635,0,0.0
H60,TEST,samples_lag06,3238635,0,0.0
H60,TEST,samples_lag07,3238635,0,0.0
H60,TEST,samples_lag08,3238635,0,0.0
H60,TEST,samples_lag09,3238635,0,0.0
H60,TEST,samples_lag10,3238635,0,0.0
H60,TEST,samples_lag11,3238635,0,0.0
H60,TEST,input_observed_pct,3238635,0,0.0
H60,TEST,input_quality_bin,3238635,0,0.0
H60,TEST,hour,3238635,0,0.0
H60,TEST,minute,3238635,0,0.0
H60,TEST,day_of_week,3238635,0,0.0
H60,TEST,is_weekend,3238635,0,0.0
H60,TEST,time_of_day_sin,3238635,0,0.0
H60,TEST,time_of_day_cos,3238635,0,0.0
H60,TEST,day_of_week_sin,3238635,0,0.0
H60,TEST,day_of_week_cos,3238635,0,0.0
H60,TEST,speed_flag,3238635,0,0.0
H60,TEST,flow_flag,3238635,0,0.0
H60,TEST,occupancy_flag,3238635,0,0.0
