method,target_station,samples,mean_normalized_regret,mean_raw_regret_mph,near_oracle_hit_rate,development_only
GRU,765501,48,0.19156478045037695,1.1402421792348225,0.6458333333333334,True
GRU,769895,25,0.44632461083681746,1.228743896484375,0.44,True
GRU,769965,25,0.34642689168577645,2.0756846618652345,0.56,True
GRU,775511,30,0.30809182609140245,0.8550557454427083,0.6666666666666666,True
GRU,775536,43,0.4373733324889516,1.2850226468818133,0.6046511627906976,True
Historical Best,765501,48,0.6814039975005124,3.7983436584472656,0.0625,True
Historical Best,769895,25,0.35589980613167327,1.137497100830078,0.4,True
Historical Best,769965,25,0.5312173477862018,2.496015930175781,0.2,True
Historical Best,775511,30,0.34426468602211036,0.9859036763509115,0.6666666666666666,True
Historical Best,775536,43,0.5580312255552137,1.4425748780716297,0.5116279069767442,True
JEV v1.0,765501,48,0.26058017077116313,1.4684261480967205,0.5833333333333334,True
JEV v1.0,769895,25,0.28409383501909674,0.8100961303710937,0.64,True
JEV v1.0,769965,25,0.35587271250396085,1.96888427734375,0.32,True
JEV v1.0,775511,30,0.35550139158232535,1.0941505432128906,0.5666666666666667,True
JEV v1.0,775536,43,0.4632693030189837,1.3513211095055868,0.4883720930232558,True
Nearest,765501,48,0.6814039975005124,3.7983436584472656,0.0625,True
Nearest,769895,25,0.670171665610304,2.2114654541015626,0.16,True
Nearest,769965,25,0.3104136973425704,1.6364987182617188,0.4,True
Nearest,775511,30,0.38263186266140015,0.8794336954752604,0.3333333333333333,True
Nearest,775536,43,0.4572813861973892,1.204418093659157,0.5116279069767442,True
Oracle (reference only),765501,48,0.0,0.0,1.0,True
Oracle (reference only),769895,25,0.0,0.0,1.0,True
Oracle (reference only),769965,25,0.0,0.0,1.0,True
Oracle (reference only),775511,30,0.0,0.0,1.0,True
Oracle (reference only),775536,43,0.0,0.0,1.0,True
Quality Rule,765501,48,0.12832611581694445,0.5055671532948812,0.75,True
Quality Rule,769895,25,0.42103623025358167,1.2786497497558593,0.44,True
Quality Rule,769965,25,0.3104136973425704,1.6364987182617188,0.4,True
Quality Rule,775511,30,0.2148646349550996,0.5046305338541667,0.5666666666666667,True
Quality Rule,775536,43,0.4572813861973892,1.204418093659157,0.5116279069767442,True
Ridge,765501,48,0.6532661032305136,3.6671841144561768,0.0625,True
Ridge,769895,25,0.4240336938444708,1.1354258728027344,0.44,True
Ridge,769965,25,0.34454278293851365,2.3399386596679688,0.36,True
Ridge,775511,30,0.34426468602211036,0.9859036763509115,0.6666666666666666,True
Ridge,775536,43,0.4304993720284651,1.240252827489099,0.627906976744186,True
XGBoost,765501,48,0.5126086605415732,2.9534862836201987,0.3125,True
XGBoost,769895,25,0.3728533778292704,1.1245388793945312,0.4,True
XGBoost,769965,25,0.21861603919420333,0.97867919921875,0.64,True
XGBoost,775511,30,0.34426468602211036,0.9859036763509115,0.6666666666666666,True
XGBoost,775536,43,0.4188239750480536,1.1970200649527616,0.6744186046511628,True
