split,target_station,timestamp,sample_id,method,selected_source,oracle_source,selected_loss,oracle_loss,worst_loss,raw_regret_mph,normalized_regret,all_candidate_tie,exact_top1_hit,near_oracle_hit_0p5,top2_hit,jev_top1_score,jev_top2_score,jev_margin,jev_selected_Q,jev_raw_confidence
validation,765501,2026-06-03T15:25:00-07:00,765501_1780525500_H30,JEV v1.0,773773,773773,9.265514373779297,9.265514373779297,14.717269897460938,0.0,0.0,False,True,True,True,0.5300063967174329,0.5208627784699336,0.009143618247499319,0.125,0.0011429522809374149
validation,765501,2026-06-03T15:30:00-07:00,765501_1780525800_H30,JEV v1.0,773773,763616,10.149818420410156,7.766017913818359,12.859901428222656,2.383800506591797,0.46797310928900776,False,False,False,False,0.5495121795425977,0.5403685612950984,0.009143618247499319,0.125,0.0011429522809374149
validation,765501,2026-06-03T15:35:00-07:00,765501_1780526100_H30,JEV v1.0,773773,763616,11.66946792602539,2.32741928100586,14.131969451904297,9.342048645019531,0.7913938701408826,False,False,False,False,0.508469368400364,0.4993257501528647,0.009143618247499374,0.125,0.0011429522809374218
validation,765501,2026-06-03T15:40:00-07:00,765501_1780526400_H30,JEV v1.0,773773,763616,11.764209747314451,5.4029083251953125,16.140243530273438,6.361301422119139,0.5924469433636215,False,False,False,False,0.49024524029542155,0.4811016220479222,0.009143618247499374,0.125,0.0011429522809374218
validation,765501,2026-06-03T15:45:00-07:00,765501_1780526700_H30,JEV v1.0,773773,763616,12.993793487548828,5.657157897949219,16.346275329589844,7.336635589599609,0.6863649535632,False,False,False,False,0.45781476635625346,0.4486711481087541,0.009143618247499374,0.125,0.0011429522809374218
validation,765501,2026-06-03T15:50:00-07:00,765501_1780527000_H30,JEV v1.0,773773,763616,13.161766052246094,8.121150970458984,18.257583618164062,5.040615081787109,0.49727702604804674,False,False,False,False,0.4292809626392391,0.4201373443917397,0.009143618247499374,0.125,0.0011429522809374218
validation,765501,2026-06-06T07:20:00-07:00,765501_1780755600_H30,JEV v1.0,763616,763616,0.408782958984375,0.408782958984375,4.986431121826172,0.0,0.0,False,True,True,True,0.5899213206985198,0.45183017373165496,0.1380911469668648,0.46891314665401046,0.06475275424929398
validation,765501,2026-06-06T07:25:00-07:00,765501_1780755900_H30,JEV v1.0,763616,717951,1.88330078125,1.1006240844726562,5.812053680419922,0.7826766967773438,0.16612297410760335,False,False,False,True,0.5884990963569058,0.44914013124460683,0.13935896511229895,0.45328814665401046,0.0631697670153749
validation,765501,2026-06-06T07:30:00-07:00,765501_1780756200_H30,JEV v1.0,763616,763616,0.959503173828125,0.959503173828125,5.2108001708984375,0.0,0.0,False,True,True,True,0.5625489730670978,0.4550186719198748,0.10753030114722306,0.43766314665401046,0.047062049960747
validation,765501,2026-06-06T07:35:00-07:00,765501_1780756500_H30,JEV v1.0,763616,776019,1.9462661743164065,0.2828750610351562,5.2697296142578125,1.6633911132812502,0.3335551690005309,False,False,False,False,0.5935780704904233,0.4634416317830557,0.13013643870736763,0.42203814665401046,0.05492254140421066
validation,765501,2026-06-06T07:40:00-07:00,765501_1780756800_H30,JEV v1.0,763616,717951,1.40594482421875,0.369842529296875,3.689170837402344,1.036102294921875,0.3121421561078536,False,False,False,True,0.5942228577342725,0.4661620371243214,0.1280608206099511,0.40641314665401046,0.052045601067184984
validation,765501,2026-06-06T07:45:00-07:00,765501_1780757100_H30,JEV v1.0,763616,776019,1.5462493896484375,0.2406005859375,4.611083984375,1.3056488037109375,0.29874242381923305,False,False,False,False,0.5609201132165152,0.4759727453339704,0.08494736788254487,0.39078814665401046,0.03319642445795612
validation,765501,2026-06-11T23:30:00-07:00,765501_1781245800_H30,JEV v1.0,763616,763616,1.5694046020507812,1.5694046020507812,7.730613708496094,0.0,0.0,False,True,True,True,0.6648911436964843,0.5165749991299285,0.14831614456655573,0.7189131466540104,0.10662642618993369
validation,765501,2026-06-11T23:35:00-07:00,765501_1781246100_H30,JEV v1.0,763616,763616,1.4680938720703125,1.4680938720703125,6.0147247314453125,0.0,0.0,False,True,True,True,0.5542815434299261,0.525074158388662,0.029207385041264078,0.7189131466540104,0.020997573085550433
validation,765501,2026-06-11T23:40:00-07:00,765501_1781246400_H30,JEV v1.0,763616,773784,1.3957290649414062,1.1476974487304688,5.465484619140625,0.2480316162109375,0.05744415053866039,False,False,True,False,0.6524466644428053,0.5307251215297614,0.12172154291304393,0.7189131466540104,0.08750721743119758
validation,765501,2026-06-11T23:45:00-07:00,765501_1781246700_H30,JEV v1.0,763616,763616,0.6777496337890625,0.6777496337890625,6.084281921386719,0.0,0.0,False,True,True,True,0.6927576288107714,0.5247384536119982,0.16801917519877319,0.7189131466540104,0.12079119394036149
validation,765501,2026-06-11T23:50:00-07:00,765501_1781247000_H30,JEV v1.0,763616,763616,0.0621871948242187,0.0621871948242187,5.580940246582031,0.0,0.0,False,True,True,True,0.5957702956837542,0.5283658476576629,0.06740444802609125,0.7189131466540104,0.048457943828913955
validation,765501,2026-06-11T23:55:00-07:00,765501_1781247300_H30,JEV v1.0,763616,763616,0.901702880859375,0.901702880859375,4.375164031982422,0.0,0.0,False,True,True,True,0.6154342036382628,0.5184065562696483,0.09702764736861458,0.7189131466540104,0.06975445128220642
validation,765501,2026-06-15T23:30:00-07:00,765501_1781591400_H30,JEV v1.0,763616,773784,3.4067459106445312,3.362983703613281,12.888511657714844,0.043762207031250444,0.004594202782472234,False,False,True,False,0.735299613647143,0.5129726821299504,0.22232693151719263,0.7189131466540104,0.15983375392295562
validation,765501,2026-06-15T23:35:00-07:00,765501_1781591700_H30,JEV v1.0,763616,763616,0.6665878295898438,0.6665878295898438,9.146846771240234,0.0,0.0,False,True,True,True,0.7168963982570599,0.5161768539818321,0.20071954427522776,0.7189131466540104,0.14429991916986296
validation,765501,2026-06-15T23:40:00-07:00,765501_1781592000_H30,JEV v1.0,763616,776019,3.4026870727539062,0.8366851806640625,6.101020812988281,2.5660018920898438,0.4874312869289732,False,False,False,True,0.5401009025582139,0.5258916613658807,0.014209241192333133,0.7189131466540104,0.010215210297145996
validation,765501,2026-06-15T23:45:00-07:00,765501_1781592300_H30,JEV v1.0,763616,776019,2.677207946777344,0.5329322814941406,5.518070220947266,2.1442756652832036,0.43013366757880184,False,False,False,False,0.7063110255741869,0.5245142386810719,0.18179678689311496,0.7189131466540104,0.13069610011691782
validation,765501,2026-06-15T23:50:00-07:00,765501_1781592600_H30,JEV v1.0,763616,776019,2.755615234375,0.4062042236328125,5.804420471191406,2.3494110107421875,0.43521987690002895,False,False,False,False,0.5883390688073808,0.5160481568646904,0.07229091194269044,0.7189131466540104,0.05197088697920756
validation,765501,2026-06-15T23:55:00-07:00,765501_1781592900_H30,JEV v1.0,763616,763616,1.7599945068359375,1.7599945068359375,10.49136734008789,0.0,0.0,False,True,True,True,0.6473964758424805,0.5117767122581208,0.13561976358435968,0.7189131466540104,0.09749883098690498
validation,765501,2026-06-17T22:00:00-07:00,765501_1781758800_H30,JEV v1.0,763616,763616,3.382080078125,3.382080078125,6.303215026855469,0.0,0.0,False,True,True,True,0.5345745806529882,0.5088127983705315,0.025761782282456736,0.7189131466540104,0.018520483964096505
validation,765501,2026-06-17T22:05:00-07:00,765501_1781759100_H30,JEV v1.0,763616,763616,1.907066345214844,1.907066345214844,4.920204162597656,0.0,0.0,False,True,True,True,0.697595966840735,0.531939222393112,0.16565674444762302,0.7189131466540104,0.11909281141529993
validation,765501,2026-06-17T22:10:00-07:00,765501_1781759400_H30,JEV v1.0,763616,763616,3.1412353515625,3.1412353515625,8.216136932373047,0.0,0.0,False,True,True,True,0.6128195829451141,0.5325208346902776,0.08029874825483652,0.7189131466540104,0.05772782578026275
validation,765501,2026-06-17T22:15:00-07:00,765501_1781759700_H30,JEV v1.0,763616,763616,3.6384353637695312,3.6384353637695312,8.491710662841797,0.0,0.0,False,True,True,True,0.6373878123026891,0.5481563258702463,0.08923148643244283,0.7189131466540104,0.06414968869176212
validation,765501,2026-06-17T22:20:00-07:00,765501_1781760000_H30,JEV v1.0,763616,763616,0.5210494995117188,0.5210494995117188,5.544830322265625,0.0,0.0,False,True,True,True,0.7288499136504999,0.5358870821787928,0.19296283147170712,0.7189131466540104,0.13872351636059246
validation,765501,2026-06-17T22:25:00-07:00,765501_1781760300_H30,JEV v1.0,763616,773784,1.8023910522460935,0.4557647705078125,3.335399627685547,1.346626281738281,0.4676378598424383,False,False,False,False,0.66652087881764,0.5432579136068191,0.12326296521082092,0.7189131466540104,0.08861536618561508
validation,765501,2026-06-18T23:30:00-07:00,765501_1781850600_H30,JEV v1.0,763616,763616,1.1622085571289062,1.1622085571289062,7.3306121826171875,0.0,0.0,False,True,True,True,0.6127774679955871,0.5165749991299285,0.09620246886565853,0.7189131466540104,0.06916121960809504
validation,765501,2026-06-18T23:35:00-07:00,765501_1781850900_H30,JEV v1.0,763616,763616,0.096710205078125,0.096710205078125,7.314727783203125,0.0,0.0,False,True,True,True,0.6456457792441641,0.525074158388662,0.1205716208555021,0.7189131466540104,0.08668052334640332
validation,765501,2026-06-18T23:40:00-07:00,765501_1781851200_H30,JEV v1.0,763616,763616,1.34796142578125,1.34796142578125,5.965484619140625,0.0,0.0,False,True,True,True,0.626662773358457,0.5307251215297614,0.09593765182869562,0.7189131466540104,0.06897083915876445
validation,765501,2026-06-18T23:45:00-07:00,765501_1781851500_H30,JEV v1.0,763616,773784,2.1846923828125,0.803955078125,3.684280395507813,1.3807373046875,0.4793685270044764,False,False,False,False,0.5791108195173018,0.5247384536119982,0.05437236590530359,0.7189131466540104,0.03908900866400503
validation,765501,2026-06-18T23:50:00-07:00,765501_1781851800_H30,JEV v1.0,763616,773784,3.5582427978515625,1.0506591796875,3.5582427978515625,2.5075836181640625,1.0,False,False,False,False,0.7323736712344305,0.5283658476576629,0.2040078235767676,0.7189131466540104,0.14666390638961022
validation,765501,2026-06-18T23:55:00-07:00,765501_1781852100_H30,JEV v1.0,763616,773784,3.3749313354492188,0.2287368774414062,3.3749313354492188,3.1461944580078125,1.0,False,False,False,False,0.6951697967607287,0.5184065562696483,0.1767632404910804,0.7189131466540104,0.12707741743420217
validation,765501,2026-06-24T23:30:00-07:00,765501_1782369000_H30,JEV v1.0,776019,763616,6.1489105224609375,0.7396621704101562,6.1489105224609375,5.409248352050781,1.0,False,False,False,False,0.5354051224209192,0.517966471563335,0.017438650857584226,0.125,0.0021798313571980282
validation,765501,2026-06-24T23:35:00-07:00,765501_1782369300_H30,JEV v1.0,776019,763616,7.193305969238281,2.143867492675781,7.193305969238281,5.0494384765625,1.0,False,False,False,True,0.5291847231212402,0.5120662343759761,0.017118488745264115,0.125,0.0021398110931580144
validation,765501,2026-06-24T23:40:00-07:00,765501_1782369600_H30,JEV v1.0,763616,763616,1.307281494140625,1.307281494140625,6.137977600097656,0.0,0.0,False,True,True,True,0.5508932037227923,0.530279208215819,0.020613995506973293,0.7189131466540104,0.014819672375029803
validation,765501,2026-06-24T23:45:00-07:00,765501_1782369900_H30,JEV v1.0,776019,763616,5.977573394775391,1.3118133544921875,5.977573394775391,4.665760040283203,1.0,False,False,False,False,0.5385904946339832,0.5164365422922041,0.022153952341779082,0.125,0.0027692440427223852
validation,765501,2026-06-24T23:50:00-07:00,765501_1782370200_H30,JEV v1.0,776019,763616,6.286907196044922,1.9117431640625,6.286907196044922,4.375164031982422,1.0,False,False,False,False,0.5372634643254808,0.520537746108765,0.016725718216715757,0.125,0.0020907147770894696
validation,765501,2026-06-24T23:55:00-07:00,765501_1782370500_H30,JEV v1.0,763616,763616,0.84039306640625,0.84039306640625,4.241691589355469,0.0,0.0,False,True,True,True,0.5109227722829411,0.5081418306617339,0.0027809416212072335,0.7189131466540104,0.0019992554915631974
validation,765501,2026-06-27T23:30:00-07:00,765501_1782628200_H30,JEV v1.0,763616,763616,1.0807342529296875,1.0807342529296875,6.393463134765625,0.0,0.0,False,True,True,True,0.7559365953359037,0.5354956530619568,0.22044094227394695,0.7189131466540104,0.15847789146153826
validation,765501,2026-06-27T23:35:00-07:00,765501_1782628500_H30,JEV v1.0,763616,763616,1.0346527099609375,1.0346527099609375,6.511741638183594,0.0,0.0,False,True,True,True,0.7279069611437496,0.5112860580034934,0.21662090314025628,0.7189131466540104,0.15573161510759526
validation,765501,2026-06-27T23:40:00-07:00,765501_1782628800_H30,JEV v1.0,763616,763616,1.3554763793945312,1.3554763793945312,6.3412933349609375,0.0,0.0,False,True,True,True,0.7651573300624247,0.5058494402317946,0.25930788983063013,0.7189131466540104,0.18641985103034978
validation,765501,2026-06-27T23:45:00-07:00,765501_1782629100_H30,JEV v1.0,763616,763616,0.2803421020507812,0.2803421020507812,5.221237182617188,0.0,0.0,False,True,True,True,0.7870516474408309,0.5005608095195779,0.28649083792125296,0.7189131466540104,0.20596202977751205
validation,765501,2026-06-27T23:50:00-07:00,765501_1782629400_H30,JEV v1.0,763616,763616,0.1573638916015625,0.1573638916015625,2.7491912841796875,0.0,0.0,False,True,True,True,0.7217031793485248,0.48863881804775455,0.23306436130077024,0.7189131466540104,0.1675530333556439
validation,765501,2026-06-27T23:55:00-07:00,765501_1782629700_H30,JEV v1.0,763616,763616,0.0630035400390625,0.0630035400390625,4.773464202880859,0.0,0.0,False,True,True,True,0.7906204505492916,0.482388545550257,0.30823190499903463,0.7189131466540104,0.22159196872201598
validation,769895,2026-06-03T17:30:00-07:00,769895_1780533000_H30,JEV v1.0,769880,769847,3.3738784790039062,1.6959075927734375,8.441547393798828,1.6779708862304688,0.24874896017652823,False,False,False,True,0.7801680247976417,0.7390447854689498,0.041123239328691885,0.7658937862112813,0.0314960334707245
validation,769895,2026-06-03T17:35:00-07:00,769895_1780533300_H30,JEV v1.0,769880,769880,0.6902694702148438,0.6902694702148438,5.220458984375,0.0,0.0,False,True,True,True,0.7160656041701061,0.7157632679084874,0.0003023362616186853,0.7658937862112813,0.00023155746412009941
validation,769895,2026-06-03T17:40:00-07:00,769895_1780533600_H30,JEV v1.0,769880,769880,0.4317245483398437,0.4317245483398437,4.966014862060547,0.0,0.0,False,True,True,True,0.7871163177415289,0.7719327988230988,0.015183518918430061,0.7658937862112813,0.011628962792447019
validation,769895,2026-06-03T17:45:00-07:00,769895_1780533900_H30,JEV v1.0,769847,769866,2.1755294799804688,1.0536956787109375,4.967674255371094,1.1218338012695312,0.28662236629481125,False,False,False,True,0.7640811634706545,0.6405512561036011,0.12352990736705338,0.7658937862112813,0.09461078846368137
validation,769895,2026-06-03T17:50:00-07:00,769895_1780534200_H30,JEV v1.0,769866,769866,0.19903564453125,0.19903564453125,4.173469543457031,0.0,0.0,False,True,True,True,0.7225570119710875,0.6882663549516866,0.034290657019400816,0.7493720392939975,0.02569645957935942
validation,769895,2026-06-03T17:55:00-07:00,769895_1780534500_H30,JEV v1.0,769847,769866,3.623291015625,0.6420745849609375,3.623291015625,2.9812164306640625,1.0,False,False,False,True,0.7855856557961111,0.7381575456355826,0.0474281101605285,0.7658937862112813,0.03632489486369292
validation,769895,2026-06-04T23:30:00-07:00,769895_1780641000_H30,JEV v1.0,769880,769880,0.5397567749023438,0.5397567749023438,2.622886657714844,0.0,0.0,False,True,True,True,0.6272442407794955,0.6057698440460316,0.021474396733463852,0.7658937862112813,0.0164471070207958
validation,769895,2026-06-04T23:35:00-07:00,769895_1780641300_H30,JEV v1.0,769847,770385,0.4967880249023437,0.391693115234375,1.2913742065429688,0.1050949096679687,0.11681351390314013,False,False,True,False,0.5726919997019316,0.5487389598841836,0.02395303981774799,0.7658937862112813,0.01834548435728459
validation,769895,2026-06-04T23:40:00-07:00,769895_1780641600_H30,JEV v1.0,769847,769866,3.0213394165039062,2.3920211791992188,4.324180603027344,0.6293182373046875,0.32570720073286685,False,False,False,False,0.5903909789345098,0.5371490740597838,0.05324190487472591,0.7658937862112813,0.0407776441096047
validation,769895,2026-06-04T23:45:00-07:00,769895_1780641900_H30,JEV v1.0,769866,769866,4.1884307861328125,4.1884307861328125,6.109367370605469,0.0,0.0,False,True,True,True,0.5937234012692767,0.5511191535496129,0.04260424771966376,0.7493720392939975,0.03192643199627107
validation,769895,2026-06-04T23:50:00-07:00,769895_1780642200_H30,JEV v1.0,769880,769866,8.194202423095703,5.606586456298828,8.194202423095703,2.587615966796875,1.0,False,False,False,True,0.6720637517386436,0.6142753257414233,0.05778842599722034,0.7658937862112813,0.044259796386201526
validation,769895,2026-06-04T23:55:00-07:00,769895_1780642500_H30,JEV v1.0,769847,770385,0.5775299072265625,0.1097946166992187,1.3567352294921875,0.4677352905273438,0.37510630877575124,False,False,True,False,0.6832700295949371,0.6315696696812023,0.051700359913734784,0.7658937862112813,0.03959698440281629
validation,769895,2026-06-06T07:20:00-07:00,769895_1780755600_H30,JEV v1.0,769847,769847,3.0790557861328125,3.0790557861328125,7.3369598388671875,0.0,0.0,False,True,True,True,0.5488953464933551,0.5055575032877521,0.04333784320560308,0.4325604528779481,0.01874623708376917
validation,769895,2026-06-06T07:25:00-07:00,769895_1780755900_H30,JEV v1.0,769847,769847,3.4980926513671875,3.4980926513671875,9.222999572753906,0.0,0.0,False,True,True,True,0.5275086553475578,0.5137539584635985,0.01375469688395925,0.4117271195446147,0.0056631817282418295
validation,769895,2026-06-06T07:30:00-07:00,769895_1780756200_H30,JEV v1.0,769847,769847,0.4498672485351562,0.4498672485351562,6.263149261474609,0.0,0.0,False,True,True,True,0.5452366012128107,0.4809105358101575,0.06432606540265318,0.39089378621128135,0.02514465925731761
validation,769895,2026-06-06T07:35:00-07:00,769895_1780756500_H30,JEV v1.0,769847,770116,2.8180694580078125,0.3459930419921875,2.8180694580078125,2.472076416015625,1.0,False,False,False,False,0.5296215878248322,0.5260867206811887,0.003534867143643483,0.37006045287794803,0.001308114536040086
validation,769895,2026-06-06T07:40:00-07:00,769895_1780756800_H30,JEV v1.0,769847,769880,4.263088226318359,0.6638717651367188,4.263088226318359,3.5992164611816406,1.0,False,False,False,False,0.5445364207347289,0.5322653262200293,0.012271094514699543,0.3492271195446147,0.004285398991028243
validation,769895,2026-06-06T07:45:00-07:00,769895_1780757100_H30,JEV v1.0,770385,769880,2.920745849609375,0.1684761047363281,5.276458740234375,2.752269744873047,0.5388173651464833,False,False,False,False,0.5275896801289822,0.4905774573530874,0.03701222277589483,0.23285029237671376,0.008618306894879175
validation,769895,2026-06-12T23:30:00-07:00,769895_1781332200_H30,JEV v1.0,769847,770385,0.7501602172851562,0.51239013671875,2.6973114013671875,0.23777008056640625,0.10882318022780761,False,False,True,False,0.6943322068422323,0.5860238008228001,0.10830840601943215,0.7658937862112813,0.08295273516473162
validation,769895,2026-06-12T23:35:00-07:00,769895_1781332500_H30,JEV v1.0,769847,769847,0.3840408325195312,0.3840408325195312,2.4090347290039062,0.0,0.0,False,True,True,True,0.679668961418514,0.5432648526969417,0.13640410872157227,0.7658937862112813,0.10447105928354025
validation,769895,2026-06-12T23:40:00-07:00,769895_1781332800_H30,JEV v1.0,769847,769847,2.233505249023437,2.233505249023437,4.269447326660156,0.0,0.0,False,True,True,True,0.6503671741462456,0.6219096959702057,0.02845747817603983,0.7658937862112813,0.021795405706272055
validation,769895,2026-06-12T23:45:00-07:00,769895_1781333100_H30,JEV v1.0,769847,769847,0.5497207641601562,0.5497207641601562,3.314537048339844,0.0,0.0,False,True,True,True,0.690295250174794,0.6141318737060156,0.07616337646877835,0.7658937862112813,0.05833305677430786
validation,769895,2026-06-12T23:50:00-07:00,769895_1781333400_H30,JEV v1.0,769847,769866,1.8331985473632808,0.5410308837890625,1.8331985473632808,1.2921676635742183,1.0,False,False,False,False,0.7067083915440038,0.5555192501579913,0.15118914138601247,0.7658937862112813,0.11579482393016582
validation,769895,2026-06-12T23:55:00-07:00,769895_1781333700_H30,JEV v1.0,769847,769880,0.5751190185546875,0.2470016479492187,3.473106384277344,0.3281173706054688,0.1017069802200297,False,False,True,False,0.7090331782391242,0.5499354793705145,0.1590976988686097,0.7658937862112813,0.12185193896398178
validation,769895,2026-06-17T11:15:00-07:00,769895_1781720100_H30,JEV v1.0,769880,769880,1.4925460815429688,1.4925460815429688,4.967475891113281,0.0,0.0,False,True,True,True,0.6698783644993671,0.6025829695506205,0.06729539494874659,0.4950604528779481,0.033315288699926865
validation,769965,2026-06-03T17:30:00-07:00,769965_1780533000_H30,JEV v1.0,769926,769911,13.641397476196287,2.1030349731445312,17.069358825683594,11.538362503051756,0.7709550198657671,False,False,False,False,0.7144473133559185,0.6553073645001274,0.0591399488557911,0.6527984948132077,0.03860646959639052
validation,769965,2026-06-03T17:35:00-07:00,769965_1780533300_H30,JEV v1.0,769926,769867,14.71120262145996,6.391258239746094,14.71120262145996,8.319944381713865,1.0,False,False,False,True,0.6966092919915149,0.6536577755827663,0.04295151640874861,0.6527984948132077,0.02803868526157589
validation,769965,2026-06-03T17:40:00-07:00,769965_1780533600_H30,JEV v1.0,769867,769911,7.989574432373047,5.899688720703125,14.459896087646484,2.089885711669922,0.24413961275521867,False,False,False,False,0.7198094911930631,0.6614117054997612,0.058397785693301896,0.6527984948132077,0.03812198660101175
validation,769965,2026-06-03T17:45:00-07:00,769965_1780533900_H30,JEV v1.0,769926,769911,15.008655548095703,2.885944366455078,15.008655548095703,12.122711181640625,1.0,False,False,False,False,0.7348521220685983,0.6920960958290946,0.0427560262395037,0.6527984948132077,0.027911069573342027
validation,769965,2026-06-03T17:50:00-07:00,769965_1780534200_H30,JEV v1.0,770129,769926,7.876365661621094,6.421836853027344,10.409381866455078,1.45452880859375,0.364767997275452,False,False,False,False,0.6857223965865932,0.6771974603552428,0.008524936231350422,0.6527984948132077,0.005565065540204135
validation,769965,2026-06-03T17:55:00-07:00,769965_1780534500_H30,JEV v1.0,770141,769911,7.274608612060547,4.758838653564453,11.469837188720703,2.5157699584960938,0.3748726728693169,False,False,False,False,0.6863116147549986,0.6816983199789495,0.004613294776049104,0.6527984948132077,0.0030115518859344893
validation,769965,2026-06-04T23:30:00-07:00,769965_1780641000_H30,JEV v1.0,770129,769926,0.4351425170898437,0.2534942626953125,1.9320755004882808,0.1816482543945312,0.10821534895348044,False,False,True,False,0.5795415513576748,0.5284125333640756,0.05112901799359926,0.6527984948132077,0.03337694598749901
validation,769965,2026-06-04T23:35:00-07:00,769965_1780641300_H30,JEV v1.0,770129,769926,1.938392639160156,1.320037841796875,2.8302459716796875,0.618354797363281,0.40945005203439305,False,False,False,False,0.5729932374118608,0.5158824707100914,0.0571107667017694,0.6527984948132077,0.03728182254054333
validation,769965,2026-06-04T23:40:00-07:00,769965_1780641600_H30,JEV v1.0,769867,769926,4.819755554199219,3.3481369018554688,5.058509826660156,1.47161865234375,0.8604080613073306,False,False,False,False,0.5904098256327218,0.5264862632533025,0.06392356237941932,0.6527984948132077,0.04172920530438312
validation,769965,2026-06-04T23:45:00-07:00,769965_1780641900_H30,JEV v1.0,770129,769926,3.959884643554688,3.30047607421875,5.470161437988281,0.6594085693359379,0.30391898306872744,False,False,False,False,0.6328778445631377,0.6084772130171412,0.024400631545996476,0.6527984948132077,0.015928695545718175
validation,769965,2026-06-04T23:50:00-07:00,769965_1780642200_H30,JEV v1.0,770129,769926,2.6276931762695312,2.063026428222656,6.383457183837891,0.5646667480468754,0.13069686334238362,False,False,False,False,0.6357348505331134,0.6268211244661411,0.008913726066972272,0.6527984948132077,0.005818866959696753
validation,769965,2026-06-04T23:55:00-07:00,769965_1780642500_H30,JEV v1.0,770129,770141,2.6118316650390625,0.8677291870117188,3.0869674682617188,1.7441024780273438,0.785901402640264,False,False,False,False,0.6611222470360724,0.539896687593315,0.12122555944275737,0.6527984948132077,0.07913586273712105
validation,769965,2026-06-06T07:20:00-07:00,769965_1780755600_H30,JEV v1.0,770129,769926,0.6742095947265625,0.04083251953125,14.251022338867188,0.6333770751953125,0.04457203480374839,False,False,False,True,0.5263922263822668,0.45090465186793266,0.07548757451433413,0.31946516147987436,0.0241156501819458
validation,769965,2026-06-06T07:25:00-07:00,769965_1780755900_H30,JEV v1.0,770129,769867,2.2454376220703125,1.7569351196289062,20.089679718017575,0.48850250244140625,0.026646446734677278,False,False,True,True,0.5264614330101529,0.4176602731684294,0.1088011598417235,0.29863182814654105,0.032491489267997914
validation,769965,2026-06-06T07:30:00-07:00,769965_1780756200_H30,JEV v1.0,770129,770129,3.1787261962890625,3.1787261962890625,24.94419860839844,0.0,0.0,False,True,True,True,0.5087541013669616,0.40733147165786754,0.1014226297090941,0.2777984948132077,0.02817505387318366
validation,769965,2026-06-06T07:35:00-07:00,769965_1780756500_H30,JEV v1.0,769926,770129,1.43182373046875,0.8619461059570312,14.56399154663086,0.5698776245117188,0.04159069731443642,False,False,False,False,0.46780690711832484,0.43302978626834543,0.034777120849979415,0.25696516147987436,0.008936508475020066
validation,769965,2026-06-06T07:40:00-07:00,769965_1780756800_H30,JEV v1.0,770129,769867,1.1840133666992188,0.5607376098632812,10.92458724975586,0.6232757568359375,0.060139405577327325,False,False,False,True,0.4825067541090031,0.47051286537462916,0.011993888734373959,0.23613182814654102,0.002832138873433926
validation,769965,2026-06-06T07:45:00-07:00,769965_1780757100_H30,JEV v1.0,770129,769867,3.731719970703125,3.4769821166992188,10.22153091430664,0.25473785400390625,0.03776944339023429,False,False,True,True,0.5039267721095184,0.47595200226684,0.027974769842678437,0.21529849481320767,0.006022925839874582
validation,769965,2026-06-12T23:30:00-07:00,769965_1781332200_H30,JEV v1.0,769926,769867,0.51123046875,0.0236358642578125,1.108184814453125,0.4875946044921875,0.4495828467718109,False,False,True,False,0.5626982388934799,0.5104680658420991,0.05223017305138078,0.6527984948132077,0.034095778351774735
validation,769965,2026-06-12T23:35:00-07:00,769965_1781332500_H30,JEV v1.0,770129,769867,1.3648223876953125,0.67138671875,2.008941650390625,0.6934356689453125,0.5184352825754638,False,False,False,True,0.5454712747072901,0.47531841435506494,0.07015286035222512,0.6527984948132077,0.04579568164477372
validation,769965,2026-06-12T23:40:00-07:00,769965_1781332800_H30,JEV v1.0,769867,769867,0.051177978515625,0.051177978515625,1.3978424072265625,0.0,0.0,False,True,True,True,0.6399979358681818,0.5995767376261268,0.04042119824205492,0.6527984948132077,0.02638689737095973
validation,769965,2026-06-12T23:45:00-07:00,769965_1781333100_H30,JEV v1.0,770129,769911,0.5866546630859375,0.1507339477539062,1.7287750244140625,0.4359207153320313,0.2762416782297172,False,False,True,False,0.613291479793678,0.5706248607082802,0.04266661908539782,0.6527984948132077,0.027852704717716177
validation,769965,2026-06-12T23:50:00-07:00,769965_1781333400_H30,JEV v1.0,770129,769926,3.852745056152344,2.9699859619140625,4.59649658203125,0.8827590942382817,0.5427318354519446,False,False,False,False,0.6354791948498073,0.5950938425930639,0.040385352256743445,0.6527984948132077,0.0263634971657033
validation,769965,2026-06-12T23:55:00-07:00,769965_1781333700_H30,JEV v1.0,770129,769926,1.0620574951171875,0.4486770629882812,1.8897018432617188,0.6133804321289062,0.42565571427058735,False,False,False,False,0.6613821684118482,0.6143943493150932,0.04698781909675498,0.6527984948132077,0.030673577580916947
validation,769965,2026-06-17T11:15:00-07:00,769965_1781720100_H30,JEV v1.0,770129,769867,2.851715087890625,2.5934715270996094,4.743236541748047,0.2582435607910156,0.12012641336674072,False,False,True,False,0.5453352164288536,0.5138714200234764,0.03146379640537722,0.38196516147987436,0.0120180740747498
validation,775511,2026-06-06T23:30:00-07:00,775511_1780813800_H30,JEV v1.0,764311,764283,2.7627029418945312,0.1591796875,2.7627029418945312,2.6035232543945312,1.0,False,False,False,False,0.6155722195564719,0.5654393035332869,0.05013291602318504,0.375,0.01879984350869439
validation,775511,2026-06-06T23:35:00-07:00,775511_1780814100_H30,JEV v1.0,764297,764283,3.031402587890625,0.2073211669921875,3.375885009765625,2.8240814208984375,0.8912812116250511,False,False,False,False,0.5821034579140765,0.5657816715834295,0.01632178633064696,0.2982237778832464,0.0048675447813286655
validation,775511,2026-06-06T23:40:00-07:00,775511_1780814400_H30,JEV v1.0,764297,764283,2.9507827758789062,0.0472946166992187,3.904571533203125,2.9034881591796875,0.7527300274337841,False,False,False,False,0.5858229469660119,0.5458070159272082,0.04001593103880374,0.2982237778832464,0.011933702129907513
validation,775511,2026-06-06T23:45:00-07:00,775511_1780814700_H30,JEV v1.0,764311,764283,4.398727416992188,0.042236328125,4.398727416992188,4.356491088867188,1.0,False,False,False,False,0.5374034187617578,0.5178572080707744,0.01954621069098339,0.375,0.007329829009118771
validation,775511,2026-06-06T23:50:00-07:00,775511_1780815000_H30,JEV v1.0,764311,764283,5.1397552490234375,0.7138442993164062,5.1397552490234375,4.425910949707031,1.0,False,False,False,False,0.5782314021268582,0.5403059792766597,0.03792542285019851,0.375,0.014222033568824441
validation,775511,2026-06-06T23:55:00-07:00,775511_1780815300_H30,JEV v1.0,764311,764283,5.938991546630859,1.6687049865722656,5.938991546630859,4.270286560058594,1.0,False,False,False,False,0.5847871006514778,0.534455313141655,0.05033178750982281,0.375,0.018874420316183554
validation,775511,2026-06-08T23:30:00-07:00,775511_1780986600_H30,JEV v1.0,764311,764311,1.971405029296875,1.971405029296875,8.241268157958984,0.0,0.0,False,True,True,True,0.5058098878629366,0.5009543131087263,0.004855574754210279,0.375,0.0018208405328288546
validation,775511,2026-06-08T23:35:00-07:00,775511_1780986900_H30,JEV v1.0,764297,764311,2.874458312988281,0.534027099609375,7.944782257080078,2.340431213378906,0.3158154821805902,False,False,False,False,0.54654569199917,0.5069131019437016,0.039632590055468375,0.2982237778832464,0.011819380733639761
validation,775511,2026-06-08T23:40:00-07:00,775511_1780987200_H30,JEV v1.0,764297,764311,1.0855636596679688,0.3541488647460937,7.579780578613281,0.731414794921875,0.10122503109564365,False,False,False,True,0.5071213762203542,0.5068261103528824,0.0002952658674718611,0.2982237778832464,8.805530247743238e-05
validation,775511,2026-06-08T23:45:00-07:00,775511_1780987500_H30,JEV v1.0,764311,764311,0.7415542602539062,0.7415542602539062,7.430770874023437,0.0,0.0,False,True,True,True,0.5122830247800473,0.5096589138300134,0.0026241109500338977,0.375,0.0009840416062627116
validation,775511,2026-06-08T23:50:00-07:00,775511_1780987800_H30,JEV v1.0,764283,764311,1.5871047973632812,0.1132736206054687,5.4522857666015625,1.4738311767578125,0.2760494144713809,False,False,False,False,0.5128889313893812,0.5115298980511745,0.0013590333382066389,0.125,0.00016987916727582986
validation,775511,2026-06-08T23:55:00-07:00,775511_1780988100_H30,JEV v1.0,764311,764283,1.110687255859375,0.3416671752929687,4.462131500244141,0.7690200805664062,0.1866343256291921,False,False,False,True,0.5576147792016513,0.48875315882418474,0.06886162037746651,0.375,0.025823107641549943
validation,775511,2026-06-10T23:30:00-07:00,775511_1781159400_H30,JEV v1.0,764311,764322,0.5643692016601562,0.0645523071289062,1.1581649780273438,0.49981689453125006,0.4570328305730352,False,False,True,False,0.5310616778306919,0.5099671078185519,0.02109457001213999,0.375,0.007910463754552496
validation,775511,2026-06-10T23:35:00-07:00,775511_1781159700_H30,JEV v1.0,764311,764311,1.0601654052734375,1.0601654052734375,4.080123901367188,0.0,0.0,False,True,True,True,0.5364343513362134,0.5173628174538647,0.019071533882348723,0.375,0.007151825205880771
validation,775511,2026-06-10T23:40:00-07:00,775511_1781160000_H30,JEV v1.0,764311,764297,0.5753021240234375,0.2941131591796875,4.184654235839844,0.28118896484375,0.07227502789538398,False,False,True,False,0.550688583288513,0.5118619308774605,0.03882665241105254,0.375,0.014559994654144703
validation,775511,2026-06-10T23:45:00-07:00,775511_1781160300_H30,JEV v1.0,764311,764297,0.5681838989257812,0.5332565307617188,3.6620101928710938,0.0349273681640625,0.011163348711996332,False,False,True,True,0.5432434595597971,0.5316220968274262,0.01162136273237091,0.375,0.004358011024639091
validation,775511,2026-06-10T23:50:00-07:00,775511_1781160600_H30,JEV v1.0,764311,764297,0.3249282836914062,0.119476318359375,4.832210540771484,0.2054519653320312,0.0435950672446101,False,False,True,True,0.5462945598307887,0.5239196096986802,0.02237495013210844,0.375,0.008390606299540665
validation,775511,2026-06-10T23:55:00-07:00,775511_1781160900_H30,JEV v1.0,764311,764297,0.5459747314453125,0.511199951171875,6.973453521728516,0.0347747802734375,0.005381215684862409,False,False,True,False,0.5479821785859752,0.5157308674681367,0.03225131111783852,0.375,0.012094241669189446
validation,775511,2026-06-23T23:30:00-07:00,775511_1782282600_H30,JEV v1.0,764311,764311,0.0853652954101562,0.0853652954101562,0.9347610473632812,0.0,0.0,False,True,True,True,0.67062918695056,0.5174714258361615,0.1531577611143985,0.875,0.1340130409750987
validation,775511,2026-06-23T23:35:00-07:00,775511_1782282900_H30,JEV v1.0,764311,764311,0.1087493896484375,0.1087493896484375,2.2272491455078125,0.0,0.0,False,True,True,True,0.772502702864651,0.532176380397372,0.24032632246727892,0.875,0.21028553215886905
validation,775511,2026-06-23T23:40:00-07:00,775511_1782283200_H30,JEV v1.0,764311,764311,0.337371826171875,0.337371826171875,1.4198379516601562,0.0,0.0,False,True,True,True,0.7907973930657138,0.5341340787554658,0.256663314310248,0.875,0.224580400021467
validation,775511,2026-06-23T23:45:00-07:00,775511_1782283500_H30,JEV v1.0,764311,764297,1.8790130615234373,0.646728515625,1.8790130615234373,1.2322845458984373,1.0,False,False,False,True,0.7808588733351199,0.5530654748916455,0.22779339844347446,0.875,0.19931922363804017
validation,775511,2026-06-23T23:50:00-07:00,775511_1782283800_H30,JEV v1.0,764311,764297,1.7884902954101562,0.0592880249023437,1.7884902954101562,1.7292022705078125,1.0,False,False,False,False,0.7740737293494455,0.5320071858699709,0.24206654347947465,0.875,0.21180822554454032
validation,775511,2026-06-23T23:55:00-07:00,775511_1782284100_H30,JEV v1.0,764311,764297,1.515716552734375,0.18756103515625,1.515716552734375,1.328155517578125,1.0,False,False,False,True,0.795723051099699,0.54759506135213,0.248127989747569,0.875,0.21711199102912287
validation,775511,2026-06-26T23:30:00-07:00,775511_1782541800_H30,JEV v1.0,764311,764297,0.5294189453125,0.2876434326171875,1.5057449340820312,0.2417755126953125,0.19848552226933652,False,False,True,True,0.7722194212369846,0.5173104438756237,0.25490897736136087,0.875,0.22304535519119076
validation,775511,2026-06-26T23:35:00-07:00,775511_1782542100_H30,JEV v1.0,764311,764322,0.7726287841796875,0.3212966918945312,1.7471466064453125,0.4513320922851563,0.3165354836293201,False,False,True,False,0.8441982616109226,0.5064229240592037,0.33777533755171885,0.875,0.295553420357754
validation,775511,2026-06-26T23:40:00-07:00,775511_1782542400_H30,JEV v1.0,764311,764297,1.171539306640625,1.08441162109375,3.4495849609375,0.087127685546875,0.036837759025573534,False,False,True,False,0.7360576816541938,0.5074841516828849,0.22857352997130898,0.875,0.20000183872489535
validation,775511,2026-06-26T23:45:00-07:00,775511_1782542700_H30,JEV v1.0,764311,764311,0.323822021484375,0.323822021484375,2.6478347778320312,0.0,0.0,False,True,True,True,0.7895839442623545,0.5394788058564408,0.25010513840591364,0.875,0.21884199610517444
validation,775511,2026-06-26T23:50:00-07:00,775511_1782543000_H30,JEV v1.0,764311,764311,1.03961181640625,1.03961181640625,4.322174072265625,0.0,0.0,False,True,True,True,0.7426276103206962,0.5240827615935602,0.2185448487271361,0.875,0.19122674263624406
validation,775511,2026-06-26T23:55:00-07:00,775511_1782543300_H30,JEV v1.0,764311,764311,0.1421127319335937,0.1421127319335937,2.880165100097656,0.0,0.0,False,True,True,True,0.762380476323513,0.5037450472153937,0.2586354291081193,0.875,0.22630600046960442
validation,775536,2026-06-02T23:30:00-07:00,775536_1780468200_H30,JEV v1.0,768701,759870,3.9019775390625,3.895332336425781,4.189048767089844,0.006645202636719194,0.02262455192477679,False,False,True,False,0.5306342087365752,0.514254633107805,0.016379575628770238,0.125,0.0020474469535962797
validation,775536,2026-06-02T23:35:00-07:00,775536_1780468500_H30,JEV v1.0,768701,759870,0.6510734558105469,0.1459884643554687,0.6510734558105469,0.5050849914550781,1.0,False,False,False,False,0.5389860012183318,0.519202018527864,0.019783982690467883,0.125,0.0024729978363084854
validation,775536,2026-06-02T23:40:00-07:00,775536_1780468800_H30,JEV v1.0,774344,759870,2.0790557861328125,1.9369964599609373,2.672309875488281,0.14205932617187522,0.19319561315224307,False,False,True,False,0.5376369112296389,0.5349312689664332,0.0027056422632056876,0.125,0.00033820528290071095
validation,775536,2026-06-02T23:45:00-07:00,775536_1780469100_H30,JEV v1.0,768701,774344,6.077846527099609,5.827373504638672,6.2437744140625,0.2504730224609375,0.6015189131251317,False,False,True,False,0.5369818044052671,0.5338727752667448,0.00310902913852229,0.125,0.00038862864231528627
validation,775536,2026-06-02T23:50:00-07:00,775536_1780469400_H30,JEV v1.0,774344,774344,6.346874237060547,6.346874237060547,6.961330413818359,0.0,0.0,False,True,True,True,0.5265580080494138,0.5200166670586643,0.0065413409907494335,0.125,0.0008176676238436792
validation,775536,2026-06-02T23:55:00-07:00,775536_1780469700_H30,JEV v1.0,768701,774344,9.489643096923828,9.152359008789062,10.14324188232422,0.3372840881347656,0.340387443504238,False,False,True,True,0.5221951538334012,0.5084745257768984,0.01372062805650276,0.125,0.001715078507062845
validation,775536,2026-06-03T19:05:00-07:00,775536_1780538700_H30,JEV v1.0,768701,718405,11.834251403808594,4.34954833984375,11.834251403808594,7.484703063964844,1.0,False,False,False,False,0.41881714528802544,0.3895839963385346,0.02923314894949086,0.125,0.0036541436186863577
validation,775536,2026-06-03T19:10:00-07:00,775536_1780539000_H30,JEV v1.0,768701,718405,6.151691436767578,0.4546356201171875,8.917720794677734,5.697055816650391,0.6731653645381414,False,False,False,False,0.4203959802234191,0.39841560284376515,0.02198037737965397,0.125,0.0027475471724567463
validation,775536,2026-06-03T19:15:00-07:00,775536_1780539300_H30,JEV v1.0,768701,774344,3.51712417602539,0.8779869079589844,6.482833862304688,2.639137268066406,0.47086696381961995,False,False,False,False,0.4314049061349794,0.4098375930285565,0.021567313106422903,0.125,0.002695914138302863
validation,775536,2026-06-03T19:20:00-07:00,775536_1780539600_H30,JEV v1.0,768701,759870,1.3369140625,0.9929847717285156,8.695808410644531,0.3439292907714844,0.04464976830494902,False,False,True,True,0.4408310022068448,0.42103211103548177,0.01979889117136302,0.125,0.0024748613964203775
validation,775536,2026-06-03T19:25:00-07:00,775536_1780539900_H30,JEV v1.0,768701,759870,5.2169952392578125,2.236003875732422,8.882808685302734,2.9809913635253906,0.4484848658761952,False,False,False,True,0.4427845326127491,0.41901347055770616,0.023771062055042924,0.125,0.0029713827568803655
validation,775536,2026-06-03T19:30:00-07:00,775536_1780540200_H30,JEV v1.0,768701,759870,0.9216270446777344,0.7783393859863281,7.191120147705078,0.14328765869140625,0.02234407568503907,False,False,True,True,0.4500228566261699,0.4269350457612458,0.02308781086492412,0.125,0.002885976358115515
validation,775536,2026-06-06T23:30:00-07:00,775536_1780813800_H30,JEV v1.0,768701,718405,5.819057464599609,2.637031555175781,5.819057464599609,3.1820259094238286,1.0,False,False,False,False,0.5519786653653961,0.5254926996463021,0.026485965719094007,0.125,0.003310745714886751
validation,775536,2026-06-06T23:35:00-07:00,775536_1780814100_H30,JEV v1.0,768701,718405,4.196083068847656,0.698974609375,4.196083068847656,3.4971084594726562,1.0,False,False,False,False,0.5295477343836474,0.5053211098416126,0.024226624542034836,0.125,0.0030283280677543545
validation,775536,2026-06-06T23:40:00-07:00,775536_1780814400_H30,JEV v1.0,768701,774344,1.6116981506347656,1.2070159912109375,1.8224639892578125,0.4046821594238281,0.6575407844498438,False,False,True,False,0.5302711204044152,0.5210552140584066,0.009215906346008551,0.125,0.0011519882932510689
validation,775536,2026-06-06T23:45:00-07:00,775536_1780814700_H30,JEV v1.0,768701,768701,0.8427352905273438,0.8427352905273438,4.23309326171875,0.0,0.0,False,True,True,True,0.5340331829376544,0.49853279656834637,0.03550038636930808,0.125,0.00443754829616351
validation,775536,2026-06-06T23:50:00-07:00,775536_1780815000_H30,JEV v1.0,768701,759870,6.553134918212891,6.500274658203125,11.467121124267578,0.052860260009765625,0.010642620095251335,False,False,True,True,0.5189522804762442,0.5011196021603309,0.017832678315913286,0.125,0.0022290847894891608
validation,775536,2026-06-06T23:55:00-07:00,775536_1780815300_H30,JEV v1.0,768701,768701,7.522109985351562,7.522109985351562,11.958580017089844,0.0,0.0,False,True,True,True,0.5308647663901253,0.486835100786434,0.04402966560369126,0.125,0.005503708200461407
validation,775536,2026-06-10T23:30:00-07:00,775536_1781159400_H30,JEV v1.0,768701,718405,4.279777526855469,3.2161865234375,4.926559448242188,1.0635910034179688,0.6218474275365548,False,False,False,False,0.5372249738006056,0.5120015234014542,0.025223450399151415,0.125,0.003152931299893927
validation,775536,2026-06-10T23:35:00-07:00,775536_1781159700_H30,JEV v1.0,768701,774344,0.3755874633789062,0.1846847534179687,0.4929237365722656,0.1909027099609375,0.619333440590077,False,False,True,False,0.5395919121605476,0.5107320572116908,0.02885985494885679,0.125,0.0036074818686070986
validation,775536,2026-06-10T23:40:00-07:00,775536_1781160000_H30,JEV v1.0,768701,759870,3.574569702148437,2.662708282470703,3.574569702148437,0.9118614196777339,1.0,False,False,False,True,0.5326384489285304,0.5135321167718188,0.019106332156711647,0.125,0.002388291519588956
validation,775536,2026-06-10T23:45:00-07:00,775536_1781160300_H30,JEV v1.0,768701,768701,5.94207763671875,5.94207763671875,6.779857635498047,0.0,0.0,False,True,True,True,0.5225878657805326,0.5104715941303235,0.01211627165020912,0.125,0.00151453395627614
validation,775536,2026-06-10T23:50:00-07:00,775536_1781160600_H30,JEV v1.0,768701,759870,11.173011779785156,10.151618957519531,12.583229064941406,1.021392822265625,0.42004794236875465,False,False,False,False,0.5332931782387047,0.5145727979468843,0.018720380291820438,0.125,0.0023400475364775547
validation,775536,2026-06-10T23:55:00-07:00,775536_1781160900_H30,JEV v1.0,768701,768701,13.340568542480469,13.340568542480469,15.339725494384766,0.0,0.0,False,True,True,True,0.5403536416501856,0.5125574216094212,0.02779622004076443,0.125,0.0034745275050955537
validation,775536,2026-06-17T11:15:00-07:00,775536_1781720100_H30,JEV v1.0,718405,768701,9.093952178955078,2.58099365234375,9.093952178955078,6.512958526611328,1.0,False,False,False,False,0.5274955034941627,0.5190395913866781,0.008455912107484642,0.125,0.0010569890134355803
validation,775536,2026-06-18T23:30:00-07:00,775536_1781850600_H30,JEV v1.0,768701,718405,7.840690612792969,5.707443237304688,7.840690612792969,2.1332473754882804,1.0,False,False,False,False,0.5339646094409897,0.5106100509680479,0.023354558472941767,0.125,0.002919319809117721
validation,775536,2026-06-18T23:35:00-07:00,775536_1781850900_H30,JEV v1.0,768701,718405,5.752731323242188,3.5247573852539062,5.752731323242188,2.227973937988282,1.0,False,False,False,False,0.5350433042685993,0.5119693810087712,0.023073923259828044,0.125,0.0028842404074785055
validation,775536,2026-06-18T23:40:00-07:00,775536_1781851200_H30,JEV v1.0,768701,718405,5.35443115234375,3.705757141113281,5.35443115234375,1.6486740112304692,1.0,False,False,False,False,0.5356328644236683,0.5247601733678807,0.010872691055787587,0.125,0.0013590863819734483
validation,775536,2026-06-18T23:45:00-07:00,775536_1781851500_H30,JEV v1.0,768701,759870,0.8995742797851562,0.84869384765625,1.0768814086914062,0.05088043212890625,0.2229763616302785,False,False,True,False,0.5399313916594195,0.5187735054501176,0.021157886209301924,0.125,0.0026447357761627405
validation,775536,2026-06-18T23:50:00-07:00,775536_1781851800_H30,JEV v1.0,768701,718405,1.7720718383789062,1.6835861206054688,1.858203887939453,0.0884857177734375,0.5067394866193343,False,False,True,False,0.5427589919020664,0.5224008994957822,0.02035809240628428,0.125,0.002544761550785535
validation,775536,2026-06-18T23:55:00-07:00,775536_1781852100_H30,JEV v1.0,768701,774344,3.181812286376953,2.628082275390625,3.181812286376953,0.5537300109863281,1.0,False,False,False,False,0.5460617416235148,0.5144055800840576,0.03165616153945727,0.125,0.003957020192432159
validation,775536,2026-06-22T23:30:00-07:00,775536_1782196200_H30,JEV v1.0,768701,718405,5.619449615478516,4.532600402832031,8.882160186767578,1.0868492126464844,0.24987568090467466,False,False,False,False,0.5259408570260994,0.5144705832299057,0.011470273796193697,0.125,0.0014337842245242122
validation,775536,2026-06-22T23:35:00-07:00,775536_1782196500_H30,JEV v1.0,768701,718405,9.953720092773438,7.443389892578125,12.346569061279297,2.5103302001953125,0.5119801079715157,False,False,False,False,0.5251799820986683,0.5126521974860796,0.012527784612588744,0.125,0.001565973076573593
validation,775536,2026-06-22T23:40:00-07:00,775536_1782196800_H30,JEV v1.0,768701,718405,9.478973388671877,7.09967041015625,11.747512817382812,2.3793029785156268,0.5119155879330669,False,False,False,False,0.5329919931360853,0.5141463943239278,0.018845598812157416,0.125,0.002355699851519677
validation,775536,2026-06-22T23:45:00-07:00,775536_1782197100_H30,JEV v1.0,768701,718405,9.175006866455078,7.487525939941406,11.862632751464844,1.6874809265136719,0.38570050954392154,False,False,False,False,0.5237027628231316,0.5185492905191912,0.005153472303940365,0.125,0.0006441840379925456
validation,775536,2026-06-22T23:50:00-07:00,775536_1782197400_H30,JEV v1.0,768701,718405,7.416790008544922,4.67864990234375,8.536449432373047,2.738140106201172,0.7097673388384642,False,False,False,False,0.5496928083540794,0.5106489776516817,0.0390438307023977,0.125,0.004880478837799712
validation,775536,2026-06-22T23:55:00-07:00,775536_1782197700_H30,JEV v1.0,768701,718405,4.546878814697266,2.8359146118164062,6.718711853027344,1.7109642028808594,0.4406524720686308,False,False,False,False,0.5357375625593919,0.5058117640962401,0.029925798463151798,0.125,0.0037407248078939748
validation,775536,2026-06-26T23:30:00-07:00,775536_1782541800_H30,JEV v1.0,768701,768701,6.690624237060547,6.690624237060547,7.755794525146484,0.0,0.0,False,True,True,True,0.5459243389032629,0.5245257853939063,0.0213985535093566,0.125,0.002674819188669575
validation,775536,2026-06-26T23:35:00-07:00,775536_1782542100_H30,JEV v1.0,768701,768701,5.341968536376953,5.341968536376953,6.639743804931641,0.0,0.0,False,True,True,True,0.5437084751467943,0.5270398617147739,0.016668613432020418,0.125,0.0020835766790025523
validation,775536,2026-06-26T23:40:00-07:00,775536_1782542400_H30,JEV v1.0,774344,768701,7.237983703613281,6.455196380615234,7.586502075195312,0.7827873229980469,0.6919326285974412,False,False,False,True,0.5296704954710765,0.5273782101406698,0.002292285330406707,0.125,0.0002865356663008384
validation,775536,2026-06-26T23:45:00-07:00,775536_1782542700_H30,JEV v1.0,768701,759870,3.1729965209960938,2.760845184326172,4.582660675048828,0.4121513366699219,0.2262311077980979,False,False,True,False,0.5279861532117794,0.5177883061749206,0.010197847036858887,0.125,0.0012747308796073609
validation,775536,2026-06-26T23:50:00-07:00,775536_1782543000_H30,JEV v1.0,768701,759870,4.838722229003906,4.496604919433594,6.734905242919922,0.3421173095703125,0.15284691959363075,False,False,True,True,0.5502637813517811,0.5121919927387496,0.03807178861303151,0.125,0.004758973576628939
validation,775536,2026-06-26T23:55:00-07:00,775536_1782543300_H30,JEV v1.0,768701,759870,6.933292388916016,6.547634124755859,8.909114837646484,0.38565826416015625,0.1633120533464287,False,False,True,False,0.5196887683408747,0.49858249694002044,0.021106271400854304,0.125,0.002638283925106788
