scope,horizon_minutes,input_percent_observed_bin,target_threshold,N,unique_stations,unique_station_days,unique_days,unique_freeways,unique_directions
ALL,30,0,ge90,18714,392,3441,222,17,4
ALL,30,1-49,ge90,583,104,157,114,15,4
ALL,30,50-79,ge90,12290,260,2676,238,18,4
ALL,30,80-89,ge90,4172,45,759,238,10,4
ALL,30,90-99,ge90,0,0,0,0,0,0
ALL,30,100,ge90,13539541,424,47488,239,18,4
STABLE,30,0,ge90,18619,388,3422,222,17,4
STABLE,30,1-49,ge90,582,103,156,113,15,4
STABLE,30,50-79,ge90,12287,259,2674,238,18,4
STABLE,30,80-89,ge90,4171,44,758,238,10,4
STABLE,30,90-99,ge90,0,0,0,0,0,0
STABLE,30,100,ge90,13418108,420,47065,239,18,4
ALL,60,0,ge90,33210,391,3436,222,17,4
ALL,60,1-49,ge90,1071,106,161,116,15,4
ALL,60,50-79,ge90,19866,261,2691,238,18,4
ALL,60,80-89,ge90,6203,45,759,238,10,4
ALL,60,90-99,ge90,0,0,0,0,0,0
ALL,60,100,ge90,13513168,424,47487,239,18,4
STABLE,60,0,ge90,33033,387,3417,222,17,4
STABLE,60,1-49,ge90,1070,105,160,115,15,4
STABLE,60,50-79,ge90,19863,260,2689,238,18,4
STABLE,60,80-89,ge90,6202,44,758,238,10,4
STABLE,60,90-99,ge90,0,0,0,0,0,0
STABLE,60,100,ge90,13391835,420,47064,239,18,4
