scope,horizon_minutes,target_observed_threshold,N,unique_stations,unique_station_days,unique_days,unique_freeways,unique_directions
ALL,30,100,13575300,424,50902,241,18,4
ALL,30,ge90,13575300,424,50902,241,18,4
ALL,30,ge80,14549343,448,54390,241,18,4
ALL,30,gt0,19627027,531,72075,241,19,4
STABLE,30,100,13453767,420,50468,241,18,4
STABLE,30,ge90,13453767,420,50468,241,18,4
STABLE,30,ge80,14427809,444,53956,241,18,4
STABLE,30,gt0,19487070,526,71574,241,19,4
ALL,60,100,13573518,424,50912,241,18,4
ALL,60,ge90,13573518,424,50912,241,18,4
ALL,60,ge80,14547423,448,54403,241,18,4
ALL,60,gt0,19624518,531,72086,241,19,4
STABLE,60,100,13452003,420,50478,241,18,4
STABLE,60,ge90,13452003,420,50478,241,18,4
STABLE,60,ge80,14425907,444,53969,241,18,4
STABLE,60,gt0,19484579,526,71585,241,19,4
