filename,size_bytes,sha256
Step2G_Selection_Ablation_Summary.csv,1547,594b7b48032093036cbf604fa97d8a2daf491acaff840b5fd43fd7f72ebc4367
Step2G_Selection_Ablation_Predictions.csv,2075275,de3f93835d95513ef1d4e5caae481bbaf2ca3b34a575d5c10d3f3e1f390237f6
Step2G_Ablation_Weights.csv,1137,016cdeb5b0848af0bdb93439b33eef6571ae72963b92595a39f00955687d952b
Step2G_Station_Level_Ablation.csv,81527,629d47ce8dda8378738ce08bab184c4832a4c94c9af1a22c7954916dedb3a72c
Step2G_Paired_Development_Comparisons.csv,2170,7e6d427aa961780f17b6e2dfba44952969ff6b0d8ee9faa8e9538c337ecfec2d
Step2G_Confidence_Ablation_Summary.csv,2030,8f5ded0007a4d5255d22b54a315edd8ebca24138ae2dd06df896df9a4e15bd89
Step2G_Confidence_Ablation_Provenance.json,1232,3904a19a110e33274e60fb9d4a540faf6b9b047c4c74429c6de8228a9e797777
Step2G_QC.json,1886,025c649a154bb33f2d1ec1d6f960faf1f27f3de6b2cd586be94457987781da84
Step2G_Integrity_Audit.json,490,1733674d92a6c2c74a898f409d2d4ed61b672aee322c2f05b6e4e27dcf948ea0
Step2G_Runtime.json,232,7a9b2e52860b39f1c6347d3f2c2eb030114d46b6afa26e9018a8d92afaafaf80
Step2G_Results.xlsx,73297,23d126462bcb6cd6d1419d8f8ff451a921a941e32de20259d07ffbd07a886582
Step2G_Production_Log.log,395,64820bd418c4e8696357f81e18274f0c0992c4fa028664193be24b3b1761a01d
STEP2G_PRODUCTION_COMPLETE.json,145,474022451616f5abfbbb66c5dde22e5d4345c76b63e3e3e35936527a59654264
