date,all_unique_stations,ml_unique_stations,all_rows,ml_rows,relative_change_previous_day,relative_change_monthly_median
2026-01-01,4888,1916,1407744,551808,,0.0
2026-01-02,4888,1916,1407744,551808,0.0,0.0
2026-01-03,4888,1916,1407744,551808,0.0,0.0
2026-01-04,4888,1916,1407744,551808,0.0,0.0
2026-01-05,4888,1916,1407744,551808,0.0,0.0
2026-01-06,4888,1916,1407744,551808,0.0,0.0
2026-01-07,4888,1916,1407744,551808,0.0,0.0
2026-01-08,4888,1916,1407744,551808,0.0,0.0
2026-01-09,4888,1916,1407744,551808,0.0,0.0
2026-01-10,4888,1916,1407744,551808,0.0,0.0
2026-01-11,4888,1916,1407744,551808,0.0,0.0
2026-01-12,4888,1916,1407744,551808,0.0,0.0
2026-01-13,4888,1916,1407744,551808,0.0,0.0
2026-01-14,4888,1916,1407744,551808,0.0,0.0
2026-01-15,4888,1916,1407744,551808,0.0,0.0
2026-01-16,4888,1916,1407744,551808,0.0,0.0
2026-01-17,4888,1916,1407744,551808,0.0,0.0
2026-01-18,4888,1916,1407744,551808,0.0,0.0
2026-01-19,4888,1916,1407744,551808,0.0,0.0
2026-01-20,4888,1916,1407744,551808,0.0,0.0
2026-01-21,4888,1916,1407744,551808,0.0,0.0
2026-01-22,4888,1916,1407744,551808,0.0,0.0
2026-01-24,4888,1916,1407744,551808,,0.0
2026-01-25,4888,1916,1407744,551808,0.0,0.0
2026-01-26,4888,1916,1407744,551808,0.0,0.0
2026-01-27,4888,1916,1407744,551808,0.0,0.0
2026-01-28,4888,1916,1407744,551808,0.0,0.0
2026-01-29,4888,1916,1407744,551808,0.0,0.0
2026-01-30,4888,1916,1407744,551808,0.0,0.0
2026-01-31,4888,1916,1407744,551808,0.0,0.0
2026-02-02,4888,1916,1407744,551808,,0.0
2026-02-03,4888,1916,1407744,551808,0.0,0.0
2026-02-04,4888,1916,1407744,551808,0.0,0.0
2026-02-05,4888,1916,1407744,551808,0.0,0.0
2026-02-07,4888,1916,1407744,551808,,0.0
2026-02-08,4888,1916,1407744,551808,0.0,0.0
2026-02-09,4888,1916,1407744,551808,0.0,0.0
2026-02-10,4888,1916,1407744,551808,0.0,0.0
2026-02-11,4888,1916,1407744,551808,0.0,0.0
2026-02-12,4888,1916,1407744,551808,0.0,0.0
2026-02-13,4888,1916,1407744,551808,0.0,0.0
2026-02-14,4888,1916,1407744,551808,0.0,0.0
2026-02-15,4888,1916,1407744,551808,0.0,0.0
2026-02-16,4888,1916,1407744,551808,0.0,0.0
2026-02-17,4888,1916,1407744,551808,0.0,0.0
2026-02-18,4888,1916,1407744,551808,0.0,0.0
2026-02-19,4888,1916,1407744,551808,0.0,0.0
2026-02-20,4888,1916,1407744,551808,0.0,0.0
2026-02-21,4888,1916,1407744,551808,0.0,0.0
2026-02-22,4888,1916,1407744,551808,0.0,0.0
2026-02-23,4888,1916,1407744,551808,0.0,0.0
2026-02-24,4888,1916,1407744,551808,0.0,0.0
2026-02-25,4888,1916,1407744,551808,0.0,0.0
2026-02-26,4888,1916,1407744,551808,0.0,0.0
2026-02-27,4888,1916,1407744,551808,0.0,0.0
2026-02-28,4888,1916,1407744,551808,0.0,0.0
2026-03-01,4888,1916,1407744,551808,0.0,0.0
2026-03-02,4888,1916,1407744,551808,0.0,0.0
2026-03-03,4888,1916,1407744,551808,0.0,0.0
2026-03-04,4888,1916,1407744,551808,0.0,0.0
2026-03-05,4888,1916,1407744,551808,0.0,0.0
2026-03-06,4888,1916,1407744,551808,0.0,0.0
2026-03-07,4888,1916,1407744,551808,0.0,0.0
2026-03-08,4888,1916,1349088,528816,0.0,0.0
2026-03-09,4888,1916,1407744,551808,0.0,0.0
2026-03-10,4888,1916,1407744,551808,0.0,0.0
2026-03-11,4888,1916,1407744,551808,0.0,0.0
2026-03-12,4888,1916,1407744,551808,0.0,0.0
2026-03-13,4888,1916,1407744,551808,0.0,0.0
2026-03-14,4888,1916,1407744,551808,0.0,0.0
2026-03-15,4888,1916,1407744,551808,0.0,0.0
2026-03-16,4888,1916,1407744,551808,0.0,0.0
2026-03-17,4888,1916,1407744,551808,0.0,0.0
2026-03-18,4888,1916,1407744,551808,0.0,0.0
2026-03-19,4888,1916,1407744,551808,0.0,0.0
2026-03-20,4888,1916,1407744,551808,0.0,0.0
2026-03-21,4888,1916,1407744,551808,0.0,0.0
2026-03-22,4888,1916,1407744,551808,0.0,0.0
2026-03-23,4888,1916,1407744,551808,0.0,0.0
2026-03-24,4888,1916,1407744,551808,0.0,0.0
2026-03-25,4888,1916,1407744,551808,0.0,0.0
2026-03-26,4888,1916,1407744,551808,0.0,0.0
2026-03-27,4888,1916,1407744,551808,0.0,0.0
2026-03-28,4888,1916,1407744,551808,0.0,0.0
2026-03-29,4888,1916,1407744,551808,0.0,0.0
2026-03-30,4888,1916,1407744,551808,0.0,0.0
2026-03-31,4888,1916,1407744,551808,0.0,0.0
2026-04-01,4888,1916,1407744,551808,0.0,0.0
2026-04-02,4888,1916,1407744,551808,0.0,0.0
2026-04-03,4888,1916,1407744,551808,0.0,0.0
2026-04-04,4888,1916,1407744,551808,0.0,0.0
2026-04-05,4888,1916,1407744,551808,0.0,0.0
2026-04-06,4888,1916,1407744,551808,0.0,0.0
2026-04-11,4888,1916,1407744,551808,,0.0
2026-04-12,4888,1916,1407744,551808,0.0,0.0
2026-04-13,4888,1916,1407744,551808,0.0,0.0
2026-04-15,4888,1916,1407744,551808,,0.0
2026-04-16,4888,1916,1407744,551808,0.0,0.0
2026-04-18,4888,1916,1407744,551808,,0.0
2026-04-19,4888,1916,1407744,551808,0.0,0.0
2026-04-20,4888,1916,1407744,551808,0.0,0.0
2026-04-21,4888,1916,1407744,551808,0.0,0.0
2026-04-22,4888,1916,1407744,551808,0.0,0.0
2026-04-23,4888,1916,1407744,551808,0.0,0.0
2026-04-24,4888,1916,1407744,551808,0.0,0.0
2026-04-25,4888,1916,1407744,551808,0.0,0.0
2026-04-26,4888,1916,1407744,551808,0.0,0.0
2026-04-27,4888,1916,1407744,551808,0.0,0.0
2026-04-28,4888,1916,1407744,551808,0.0,0.0
2026-04-29,4888,1916,1407744,551808,0.0,0.0
2026-04-30,4888,1916,1407744,551808,0.0,0.0
2026-05-01,4888,1916,1407744,551808,0.0,0.0
2026-05-02,4888,1916,1407744,551808,0.0,0.0
2026-05-03,4888,1916,1407744,551808,0.0,0.0
2026-05-08,4888,1916,1407744,551808,,0.0
2026-05-09,4888,1916,1407744,551808,0.0,0.0
2026-05-10,4888,1916,1407744,551808,0.0,0.0
2026-05-11,4888,1916,1407744,551808,0.0,0.0
2026-05-12,4888,1916,1407744,551808,0.0,0.0
2026-05-13,4888,1916,1407744,551808,0.0,0.0
2026-05-14,4888,1916,1407744,551808,0.0,0.0
2026-05-15,4888,1916,1407744,551808,0.0,0.0
2026-05-16,4888,1916,1407744,551808,0.0,0.0
2026-05-17,4888,1916,1407744,551808,0.0,0.0
2026-05-18,4888,1916,1407744,551808,0.0,0.0
2026-05-19,4888,1916,1407744,551808,0.0,0.0
2026-05-20,4888,1916,1407744,551808,0.0,0.0
2026-05-21,4888,1916,1407744,551808,0.0,0.0
2026-05-22,4888,1916,1407744,551808,0.0,0.0
2026-05-23,4888,1916,1407744,551808,0.0,0.0
2026-05-24,4888,1916,1407744,551808,0.0,0.0
2026-05-25,4888,1916,1407744,551808,0.0,0.0
2026-05-26,4888,1916,1407744,551808,0.0,0.0
2026-05-27,4888,1916,1407744,551808,0.0,0.0
2026-05-28,4888,1916,1407744,551808,0.0,0.0
2026-05-29,4888,1916,1407744,551808,0.0,0.0
2026-05-30,4888,1916,1407744,551808,0.0,0.0
2026-05-31,4888,1916,1407744,551808,0.0,0.0
2026-06-01,4888,1916,1407744,551808,0.0,0.0
2026-06-02,4888,1916,1407744,551808,0.0,0.0
2026-06-03,4888,1916,1407744,551808,0.0,0.0
2026-06-04,4888,1916,1407744,551808,0.0,0.0
2026-06-05,4888,1916,1407744,551808,0.0,0.0
2026-06-06,4888,1916,1406866,550930,0.0,0.0
2026-06-07,4888,1916,1407744,551808,0.0,0.0
2026-06-08,4888,1916,1407744,551808,0.0,0.0
2026-06-09,4888,1916,1407744,551808,0.0,0.0
2026-06-10,4888,1916,1407744,551808,0.0,0.0
2026-06-11,4888,1916,1407744,551808,0.0,0.0
2026-06-12,4888,1916,1407744,551808,0.0,0.0
2026-06-13,4888,1916,1407744,551808,0.0,0.0
2026-06-14,4888,1916,1407744,551808,0.0,0.0
2026-06-15,4888,1916,1407744,551808,0.0,0.0
2026-06-16,4888,1916,1407744,551808,0.0,0.0
2026-06-17,4888,1916,1407744,551808,0.0,0.0
2026-06-18,4888,1916,1407744,551808,0.0,0.0
2026-06-19,4888,1916,1407744,551808,0.0,0.0
2026-06-20,4888,1916,1407744,551808,0.0,0.0
2026-06-21,4888,1916,1407744,551808,0.0,0.0
2026-06-22,4888,1916,1407744,551808,0.0,0.0
2026-06-23,4888,1916,1407744,551808,0.0,0.0
2026-06-24,4888,1916,1407744,551808,0.0,0.0
2026-06-25,4888,1916,1407744,551808,0.0,0.0
2026-06-26,4888,1916,1407744,551808,0.0,0.0
2026-06-27,4888,1916,1407744,551808,0.0,0.0
2026-06-28,4888,1916,1407744,551808,0.0,0.0
2026-06-29,4888,1916,1407744,551808,0.0,0.0
2026-07-01,4888,1916,1407744,551808,,0.0
2026-07-02,4888,1916,1407744,551808,0.0,0.0
2026-07-03,4888,1916,1407744,551808,0.0,0.0
2026-07-04,4888,1916,1407744,551808,0.0,0.0
2026-07-05,4888,1916,1407744,551808,0.0,0.0
2026-07-06,4888,1916,1407744,551808,0.0,0.0
2026-07-07,4888,1916,1407744,551808,0.0,0.0
2026-07-08,4888,1916,1407744,551808,0.0,0.0
2026-07-09,4888,1916,1407744,551808,0.0,0.0
2026-07-10,4888,1916,1407744,551808,0.0,0.0
2026-07-11,4888,1916,1407744,551808,0.0,0.0
2026-07-12,4888,1916,1407744,551808,0.0,0.0
2026-07-13,4888,1916,1407744,551808,0.0,0.0
2026-07-14,4888,1916,1407744,551808,0.0,0.0
2026-07-15,4888,1916,1407744,551808,0.0,0.0
2026-07-16,4888,1916,1407744,551808,0.0,0.0
2026-07-17,4925,1936,1418289,557508,0.010438413361169102,0.010438413361169102
2026-07-18,4925,1936,1418400,557568,0.0,0.010438413361169102
2026-07-19,4925,1936,1418400,557568,0.0,0.010438413361169102
2026-07-20,4925,1936,1418400,557568,0.0,0.010438413361169102
2026-07-21,4925,1936,1418400,557568,0.0,0.010438413361169102
2026-07-22,4925,1936,1418400,557568,0.0,0.010438413361169102
2026-07-25,4925,1936,1418400,557568,,0.010438413361169102
2026-07-26,4925,1936,1418400,557568,0.0,0.010438413361169102
2026-07-27,4925,1936,1418400,557568,0.0,0.010438413361169102
2026-07-28,4925,1936,1418400,557568,0.0,0.010438413361169102
2026-07-29,4925,1936,1418400,557568,0.0,0.010438413361169102
2026-07-30,4925,1936,1418400,557568,0.0,0.010438413361169102
2026-07-31,4925,1936,1418400,557568,0.0,0.010438413361169102
2026-08-01,4925,1936,1418400,557568,0.0,0.0
2026-08-02,4925,1936,1418400,557568,0.0,0.0
2026-08-03,4925,1936,1418400,557568,0.0,0.0
2026-08-04,4925,1936,1418400,557568,0.0,0.0
2026-08-05,4925,1936,1418400,557568,0.0,0.0
2026-08-06,4925,1936,1418400,557568,0.0,0.0
2026-08-07,4925,1936,1418400,557568,0.0,0.0
2026-08-08,4925,1936,1418400,557568,0.0,0.0
2026-08-09,4925,1936,1418400,557568,0.0,0.0
2026-08-10,4925,1936,1418400,557568,0.0,0.0
2026-08-11,4925,1936,1418400,557568,0.0,0.0
2026-08-12,4925,1936,1418400,557568,0.0,0.0
2026-08-13,4925,1936,1418400,557568,0.0,0.0
2026-08-14,4925,1936,1418400,557568,0.0,0.0
2026-08-15,4925,1936,1418400,557568,0.0,0.0
2026-08-16,4925,1936,1418400,557568,0.0,0.0
2026-08-18,4925,1936,1418400,557568,,0.0
2026-08-19,4925,1936,1418400,557568,0.0,0.0
2026-08-20,4925,1936,1418400,557568,0.0,0.0
2026-08-21,4925,1936,1418400,557568,0.0,0.0
2026-08-22,4925,1936,1418400,557568,0.0,0.0
2026-08-23,4925,1936,1418400,557568,0.0,0.0
2026-08-24,4925,1936,1418400,557568,0.0,0.0
2026-08-25,4925,1936,1416391,556707,0.0,0.0
2026-08-27,4918,1933,1416384,556704,,-0.0015495867768595042
2026-08-28,4918,1933,1416384,556704,0.0,-0.0015495867768595042
2026-08-29,4918,1933,1416384,556704,0.0,-0.0015495867768595042
2026-08-30,4918,1933,1416384,556704,0.0,-0.0015495867768595042
2026-08-31,4918,1933,1416384,556704,0.0,-0.0015495867768595042
