split,target_station,timestamp,sample_id,requested_K,valid_candidates,missing_candidates,missing_candidate_ids
train,716091,2026-01-03T23:30:00-08:00,716091_1767511800_H30,5,5,0,
train,716152,2026-01-03T23:30:00-08:00,716152_1767511800_H30,5,5,0,
train,716091,2026-01-03T23:35:00-08:00,716091_1767512100_H30,5,5,0,
train,716152,2026-01-03T23:35:00-08:00,716152_1767512100_H30,5,5,0,
train,716091,2026-01-03T23:40:00-08:00,716091_1767512400_H30,5,5,0,
train,716152,2026-01-03T23:40:00-08:00,716152_1767512400_H30,5,5,0,
train,716091,2026-01-03T23:45:00-08:00,716091_1767512700_H30,5,5,0,
train,716152,2026-01-03T23:45:00-08:00,716152_1767512700_H30,5,5,0,
train,716091,2026-01-03T23:50:00-08:00,716091_1767513000_H30,5,5,0,
train,716152,2026-01-03T23:50:00-08:00,716152_1767513000_H30,5,5,0,
train,716091,2026-01-03T23:55:00-08:00,716091_1767513300_H30,5,5,0,
train,716152,2026-01-03T23:55:00-08:00,716152_1767513300_H30,5,5,0,
train,716091,2026-01-05T23:30:00-08:00,716091_1767684600_H30,5,5,0,
train,716152,2026-01-05T23:30:00-08:00,716152_1767684600_H30,5,5,0,
train,716091,2026-01-05T23:35:00-08:00,716091_1767684900_H30,5,5,0,
train,716152,2026-01-05T23:35:00-08:00,716152_1767684900_H30,5,5,0,
train,716551,2026-01-10T23:30:00-08:00,716551_1768116600_H30,5,5,0,
train,716551,2026-01-10T23:35:00-08:00,716551_1768116900_H30,5,5,0,
train,716551,2026-01-10T23:40:00-08:00,716551_1768117200_H30,5,5,0,
train,716551,2026-01-10T23:45:00-08:00,716551_1768117500_H30,5,5,0,
train,716551,2026-01-10T23:50:00-08:00,716551_1768117800_H30,5,5,0,
train,716551,2026-01-10T23:55:00-08:00,716551_1768118100_H30,5,5,0,
train,716085,2026-01-14T23:30:00-08:00,716085_1768462200_H30,5,5,0,
train,716088,2026-01-14T23:30:00-08:00,716088_1768462200_H30,5,5,0,
train,716085,2026-01-14T23:35:00-08:00,716085_1768462500_H30,5,5,0,
train,716088,2026-01-14T23:35:00-08:00,716088_1768462500_H30,5,5,0,
train,716085,2026-01-14T23:40:00-08:00,716085_1768462800_H30,5,5,0,
train,716088,2026-01-14T23:40:00-08:00,716088_1768462800_H30,5,5,0,
train,716085,2026-01-14T23:45:00-08:00,716085_1768463100_H30,5,5,0,
train,716088,2026-01-14T23:45:00-08:00,716088_1768463100_H30,5,5,0,
train,716085,2026-01-14T23:50:00-08:00,716085_1768463400_H30,5,5,0,
train,716088,2026-01-14T23:50:00-08:00,716088_1768463400_H30,5,5,0,
train,716085,2026-01-14T23:55:00-08:00,716085_1768463700_H30,5,5,0,
train,716088,2026-01-14T23:55:00-08:00,716088_1768463700_H30,5,5,0,
train,716551,2026-01-16T23:30:00-08:00,716551_1768635000_H30,5,5,0,
train,716551,2026-01-16T23:35:00-08:00,716551_1768635300_H30,5,5,0,
train,716085,2026-01-24T23:30:00-08:00,716085_1769326200_H30,5,5,0,
train,716088,2026-01-24T23:30:00-08:00,716088_1769326200_H30,5,5,0,
train,716085,2026-01-24T23:35:00-08:00,716085_1769326500_H30,5,5,0,
train,716088,2026-01-24T23:35:00-08:00,716088_1769326500_H30,5,5,0,
validation,716085,2026-06-06T07:20:00-07:00,716085_1780755600_H30,5,5,0,
validation,716088,2026-06-06T07:20:00-07:00,716088_1780755600_H30,5,5,0,
validation,716091,2026-06-06T07:20:00-07:00,716091_1780755600_H30,5,5,0,
validation,716152,2026-06-06T07:20:00-07:00,716152_1780755600_H30,5,5,0,
validation,716551,2026-06-06T07:20:00-07:00,716551_1780755600_H30,5,5,0,
validation,716085,2026-06-06T07:25:00-07:00,716085_1780755900_H30,5,5,0,
validation,716088,2026-06-06T07:25:00-07:00,716088_1780755900_H30,5,5,0,
validation,716091,2026-06-06T07:25:00-07:00,716091_1780755900_H30,5,5,0,
validation,716152,2026-06-06T07:25:00-07:00,716152_1780755900_H30,5,5,0,
validation,716551,2026-06-06T07:25:00-07:00,716551_1780755900_H30,5,5,0,
validation,716085,2026-06-06T07:30:00-07:00,716085_1780756200_H30,5,5,0,
validation,716088,2026-06-06T07:30:00-07:00,716088_1780756200_H30,5,5,0,
validation,716091,2026-06-06T07:30:00-07:00,716091_1780756200_H30,5,5,0,
validation,716152,2026-06-06T07:30:00-07:00,716152_1780756200_H30,5,5,0,
validation,716551,2026-06-06T07:30:00-07:00,716551_1780756200_H30,5,5,0,
validation,716085,2026-06-06T07:35:00-07:00,716085_1780756500_H30,5,5,0,
validation,716088,2026-06-06T07:35:00-07:00,716088_1780756500_H30,5,5,0,
validation,716091,2026-06-06T07:35:00-07:00,716091_1780756500_H30,5,5,0,
validation,716152,2026-06-06T07:35:00-07:00,716152_1780756500_H30,5,5,0,
validation,716551,2026-06-06T07:35:00-07:00,716551_1780756500_H30,5,5,0,
validation,716085,2026-06-06T07:40:00-07:00,716085_1780756800_H30,5,5,0,
validation,716088,2026-06-06T07:40:00-07:00,716088_1780756800_H30,5,5,0,
validation,716091,2026-06-06T07:40:00-07:00,716091_1780756800_H30,5,5,0,
validation,716152,2026-06-06T07:40:00-07:00,716152_1780756800_H30,5,5,0,
validation,716551,2026-06-06T07:40:00-07:00,716551_1780756800_H30,5,5,0,
validation,716085,2026-06-06T07:45:00-07:00,716085_1780757100_H30,5,5,0,
validation,716088,2026-06-06T07:45:00-07:00,716088_1780757100_H30,5,5,0,
validation,716091,2026-06-06T07:45:00-07:00,716091_1780757100_H30,5,5,0,
validation,716152,2026-06-06T07:45:00-07:00,716152_1780757100_H30,5,5,0,
validation,716551,2026-06-06T07:45:00-07:00,716551_1780757100_H30,5,5,0,
validation,716085,2026-06-17T11:15:00-07:00,716085_1781720100_H30,5,5,0,
validation,716088,2026-06-17T11:15:00-07:00,716088_1781720100_H30,5,5,0,
validation,716091,2026-06-17T11:15:00-07:00,716091_1781720100_H30,5,5,0,
validation,716152,2026-06-17T11:15:00-07:00,716152_1781720100_H30,5,5,0,
validation,716551,2026-06-17T11:15:00-07:00,716551_1781720100_H30,5,5,0,
