filename,date,compressed_size,gzip_open_pass,gzip_full_stream_pass,decompressed_bytes_if_available,error_message,status
d07_text_station_5min_2026_01_01.txt.gz,2026-01-01,20809436,True,True,177043151,,PASS
d07_text_station_5min_2026_01_02.txt.gz,2026-01-02,20783823,True,True,177219369,,PASS
d07_text_station_5min_2026_01_03.txt.gz,2026-01-03,20752330,True,True,177069210,,PASS
d07_text_station_5min_2026_01_04.txt.gz,2026-01-04,20602691,True,True,176874199,,PASS
d07_text_station_5min_2026_01_05.txt.gz,2026-01-05,20930327,True,True,177124372,,PASS
d07_text_station_5min_2026_01_06.txt.gz,2026-01-06,21008530,True,True,177174106,,PASS
d07_text_station_5min_2026_01_07.txt.gz,2026-01-07,21219059,True,True,177246747,,PASS
d07_text_station_5min_2026_01_08.txt.gz,2026-01-08,21286297,True,True,177276740,,PASS
d07_text_station_5min_2026_01_09.txt.gz,2026-01-09,21065375,True,True,177435319,,PASS
d07_text_station_5min_2026_01_10.txt.gz,2026-01-10,21039195,True,True,177244359,,PASS
d07_text_station_5min_2026_01_11.txt.gz,2026-01-11,20667472,True,True,177073347,,PASS
d07_text_station_5min_2026_01_12.txt.gz,2026-01-12,21091576,True,True,177165210,,PASS
d07_text_station_5min_2026_01_13.txt.gz,2026-01-13,21063000,True,True,177199691,,PASS
d07_text_station_5min_2026_01_14.txt.gz,2026-01-14,20990942,True,True,176667575,,PASS
d07_text_station_5min_2026_01_15.txt.gz,2026-01-15,20638132,True,True,177195311,,PASS
d07_text_station_5min_2026_01_16.txt.gz,2026-01-16,20895641,True,True,177268920,,PASS
d07_text_station_5min_2026_01_17.txt.gz,2026-01-17,20683818,True,True,177068157,,PASS
d07_text_station_5min_2026_01_18.txt.gz,2026-01-18,20411573,True,True,176885334,,PASS
d07_text_station_5min_2026_01_19.txt.gz,2026-01-19,20542517,True,True,177010423,,PASS
d07_text_station_5min_2026_01_20.txt.gz,2026-01-20,20621965,True,True,177021596,,PASS
d07_text_station_5min_2026_01_21.txt.gz,2026-01-21,20778039,True,True,176643846,,PASS
d07_text_station_5min_2026_01_22.txt.gz,2026-01-22,20759092,True,True,176987751,,PASS
d07_text_station_5min_2026_01_23.txt.gz,2026-01-23,20622116,True,True,177256627,,PASS
d07_text_station_5min_2026_01_24.txt.gz,2026-01-24,20459256,True,True,177103584,,PASS
d07_text_station_5min_2026_01_25.txt.gz,2026-01-25,20107683,True,True,176879756,,PASS
d07_text_station_5min_2026_01_26.txt.gz,2026-01-26,20531632,True,True,176988221,,PASS
d07_text_station_5min_2026_01_27.txt.gz,2026-01-27,20448874,True,True,177051741,,PASS
d07_text_station_5min_2026_01_28 (1).txt.gz,,20593947,True,True,177097530,,PASS
d07_text_station_5min_2026_01_28.txt.gz,2026-01-28,20593947,True,True,177097530,,PASS
d07_text_station_5min_2026_01_29.txt.gz,2026-01-29,20606854,True,True,177121640,,PASS
d07_text_station_5min_2026_01_30.txt.gz,2026-01-30,20722748,True,True,177245601,,PASS
d07_text_station_5min_2026_01_31.txt.gz,2026-01-31,20352355,True,True,177106037,,PASS
d07_text_station_5min_2026_02_01.txt.gz,2026-02-01,19993522,True,True,176743611,,PASS
d07_text_station_5min_2026_02_02.txt.gz,2026-02-02,20449038,True,True,176929386,,PASS
d07_text_station_5min_2026_02_03.txt.gz,2026-02-03,20457700,True,True,177006651,,PASS
d07_text_station_5min_2026_02_04.txt.gz,2026-02-04,20503050,True,True,177108936,,PASS
d07_text_station_5min_2026_02_05.txt.gz,2026-02-05,20512513,True,True,177122434,,PASS
d07_text_station_5min_2026_02_06.txt.gz,2026-02-06,20583065,True,True,177174934,,PASS
d07_text_station_5min_2026_02_07.txt.gz,2026-02-07,20369174,True,True,177112646,,PASS
d07_text_station_5min_2026_02_08.txt.gz,2026-02-08,20070966,True,True,176865841,,PASS
d07_text_station_5min_2026_02_09.txt.gz,2026-02-09,20326514,True,True,176993364,,PASS
d07_text_station_5min_2026_02_10.txt.gz,2026-02-10,20325224,True,True,177026664,,PASS
d07_text_station_5min_2026_02_11.txt.gz,2026-02-11,20328243,True,True,176577914,,PASS
d07_text_station_5min_2026_02_12.txt.gz,2026-02-12,20295634,True,True,177078147,,PASS
d07_text_station_5min_2026_02_13.txt.gz,2026-02-13,20022758,True,True,176897292,,PASS
d07_text_station_5min_2026_02_14.txt.gz,2026-02-14,19725851,True,True,176898524,,PASS
d07_text_station_5min_2026_02_15.txt.gz,2026-02-15,19594442,True,True,176666294,,PASS
d07_text_station_5min_2026_02_16.txt.gz,2026-02-16,19828499,True,True,176687107,,PASS
d07_text_station_5min_2026_02_17.txt.gz,2026-02-17,20087221,True,True,176822414,,PASS
d07_text_station_5min_2026_02_18.txt.gz,2026-02-18,20088727,True,True,176849870,,PASS
d07_text_station_5min_2026_02_19.txt.gz,2026-02-19,19894414,True,True,176843095,,PASS
d07_text_station_5min_2026_02_20.txt.gz,2026-02-20,20074480,True,True,177015824,,PASS
d07_text_station_5min_2026_02_21.txt.gz,2026-02-21,19689553,True,True,176869849,,PASS
d07_text_station_5min_2026_02_22.txt.gz,2026-02-22,19445125,True,True,176635616,,PASS
d07_text_station_5min_2026_02_23.txt.gz,2026-02-23,19764276,True,True,176738720,,PASS
d07_text_station_5min_2026_02_24.txt.gz,2026-02-24,19912425,True,True,176753483,,PASS
d07_text_station_5min_2026_02_25.txt.gz,2026-02-25,19910169,True,True,176868339,,PASS
d07_text_station_5min_2026_02_26.txt.gz,2026-02-26,19694716,True,True,176630070,,PASS
d07_text_station_5min_2026_02_27.txt.gz,2026-02-27,18549653,True,True,175948192,,PASS
d07_text_station_5min_2026_02_28.txt.gz,2026-02-28,16779889,True,True,176104046,,PASS
d07_text_station_5min_2026_03_01.txt.gz,2026-03-01,19102149,True,True,176077942,,PASS
d07_text_station_5min_2026_03_02.txt.gz,2026-03-02,19424644,True,True,176215409,,PASS
d07_text_station_5min_2026_03_03.txt.gz,2026-03-03,19530902,True,True,176217694,,PASS
d07_text_station_5min_2026_03_04.txt.gz,2026-03-04,19582538,True,True,176352486,,PASS
d07_text_station_5min_2026_03_05.txt.gz,2026-03-05,19730337,True,True,176153074,,PASS
d07_text_station_5min_2026_03_06.txt.gz,2026-03-06,19686567,True,True,176554779,,PASS
d07_text_station_5min_2026_03_07.txt.gz,2026-03-07,19429761,True,True,176542582,,PASS
d07_text_station_5min_2026_03_08.txt.gz,2026-03-08,18560354,True,True,169022308,,PASS
d07_text_station_5min_2026_03_09.txt.gz,2026-03-09,19498518,True,True,176440044,,PASS
d07_text_station_5min_2026_03_10.txt.gz,2026-03-10,19728254,True,True,176463102,,PASS
d07_text_station_5min_2026_03_11.txt.gz,2026-03-11,19693874,True,True,176504992,,PASS
d07_text_station_5min_2026_03_12.txt.gz,2026-03-12,19508665,True,True,176577435,,PASS
d07_text_station_5min_2026_03_13.txt.gz,2026-03-13,19282771,True,True,176441532,,PASS
d07_text_station_5min_2026_03_14.txt.gz,2026-03-14,18121439,True,True,176563480,,PASS
d07_text_station_5min_2026_03_15.txt.gz,2026-03-15,17824307,True,True,176324495,,PASS
d07_text_station_5min_2026_03_16.txt.gz,2026-03-16,18704034,True,True,176491036,,PASS
d07_text_station_5min_2026_03_17.txt.gz,2026-03-17,18795011,True,True,176496007,,PASS
d07_text_station_5min_2026_03_18.txt.gz,2026-03-18,18841877,True,True,176608217,,PASS
d07_text_station_5min_2026_03_19.txt.gz,2026-03-19,18945648,True,True,176637288,,PASS
d07_text_station_5min_2026_03_20.txt.gz,2026-03-20,18808340,True,True,176695872,,PASS
d07_text_station_5min_2026_03_21.txt.gz,2026-03-21,18556239,True,True,176510370,,PASS
d07_text_station_5min_2026_03_22.txt.gz,2026-03-22,18239128,True,True,176299049,,PASS
d07_text_station_5min_2026_03_23.txt.gz,2026-03-23,18707342,True,True,176509206,,PASS
d07_text_station_5min_2026_03_24.txt.gz,2026-03-24,18713891,True,True,176535156,,PASS
d07_text_station_5min_2026_03_25.txt.gz,2026-03-25,18792920,True,True,176581219,,PASS
d07_text_station_5min_2026_03_26.txt.gz,2026-03-26,18727578,True,True,176134090,,PASS
d07_text_station_5min_2026_03_27.txt.gz,2026-03-27,18570704,True,True,176665357,,PASS
d07_text_station_5min_2026_03_28.txt.gz,2026-03-28,18535956,True,True,176608165,,PASS
d07_text_station_5min_2026_03_29.txt.gz,2026-03-29,18427579,True,True,176414038,,PASS
d07_text_station_5min_2026_03_30.txt.gz,2026-03-30,18626970,True,True,176471055,,PASS
d07_text_station_5min_2026_03_31.txt.gz,2026-03-31,18660909,True,True,176506936,,PASS
d07_text_station_5min_2026_04_01.txt.gz,2026-04-01,18876051,True,True,176655417,,PASS
d07_text_station_5min_2026_04_02.txt.gz,2026-04-02,18776761,True,True,176653421,,PASS
d07_text_station_5min_2026_04_03.txt.gz,2026-04-03,18821837,True,True,176731464,,PASS
d07_text_station_5min_2026_04_04.txt.gz,2026-04-04,18767466,True,True,176598154,,PASS
d07_text_station_5min_2026_04_05.txt.gz,2026-04-05,18526922,True,True,176376422,,PASS
d07_text_station_5min_2026_04_06.txt.gz,2026-04-06,18800732,True,True,176547403,,PASS
d07_text_station_5min_2026_04_07.txt.gz,2026-04-07,18664652,True,True,176563160,,PASS
d07_text_station_5min_2026_04_08.txt.gz,2026-04-08,18859034,True,True,176537863,,PASS
d07_text_station_5min_2026_04_09.txt.gz,2026-04-09,18687871,True,True,176417588,,PASS
d07_text_station_5min_2026_04_10.txt.gz,2026-04-10,18686091,True,True,176555333,,PASS
d07_text_station_5min_2026_04_11.txt.gz,2026-04-11,18684342,True,True,176464072,,PASS
d07_text_station_5min_2026_04_12.txt.gz,2026-04-12,18308571,True,True,176185263,,PASS
d07_text_station_5min_2026_04_13.txt.gz,2026-04-13,18735136,True,True,176087115,,PASS
d07_text_station_5min_2026_04_14.txt.gz,2026-04-14,18644401,True,True,176236040,,PASS
d07_text_station_5min_2026_04_15.txt.gz,2026-04-15,18751636,True,True,176438043,,PASS
d07_text_station_5min_2026_04_16.txt.gz,2026-04-16,18734821,True,True,176469666,,PASS
d07_text_station_5min_2026_04_17.txt.gz,2026-04-17,18748759,True,True,176526344,,PASS
d07_text_station_5min_2026_04_18.txt.gz,2026-04-18,18451605,True,True,176381292,,PASS
d07_text_station_5min_2026_04_19.txt.gz,2026-04-19,18393486,True,True,176180954,,PASS
d07_text_station_5min_2026_04_20.txt.gz,2026-04-20,18553925,True,True,176348482,,PASS
d07_text_station_5min_2026_04_21.txt.gz,2026-04-21,18755528,True,True,176121454,,PASS
d07_text_station_5min_2026_04_22.txt.gz,2026-04-22,18809142,True,True,176288318,,PASS
d07_text_station_5min_2026_04_23.txt.gz,2026-04-23,18756450,True,True,176450832,,PASS
d07_text_station_5min_2026_04_24.txt.gz,2026-04-24,18650758,True,True,176582014,,PASS
d07_text_station_5min_2026_04_25.txt.gz,2026-04-25,18619827,True,True,176440200,,PASS
d07_text_station_5min_2026_04_26.txt.gz,2026-04-26,18238532,True,True,176198342,,PASS
d07_text_station_5min_2026_04_27.txt.gz,2026-04-27,18572104,True,True,176368206,,PASS
d07_text_station_5min_2026_04_28.txt.gz,2026-04-28,18634705,True,True,176378549,,PASS
d07_text_station_5min_2026_04_29.txt.gz,2026-04-29,18744028,True,True,176468890,,PASS
d07_text_station_5min_2026_04_30.txt.gz,2026-04-30,18654003,True,True,176507785,,PASS
d07_text_station_5min_2026_05_01.txt.gz,2026-05-01,18699900,True,True,176628027,,PASS
d07_text_station_5min_2026_05_02.txt.gz,2026-05-02,18509101,True,True,176451980,,PASS
d07_text_station_5min_2026_05_03.txt.gz,2026-05-03,18304881,True,True,176224703,,PASS
d07_text_station_5min_2026_05_04.txt.gz,2026-05-04,18568179,True,True,176387603,,PASS
d07_text_station_5min_2026_05_05.txt.gz,2026-05-05,18513401,True,True,176387660,,PASS
d07_text_station_5min_2026_05_06.txt.gz,2026-05-06,18544683,True,True,176450051,,PASS
d07_text_station_5min_2026_05_07.txt.gz,2026-05-07,18766557,True,True,176467596,,PASS
d07_text_station_5min_2026_05_08.txt.gz,2026-05-08,18576812,True,True,176587007,,PASS
d07_text_station_5min_2026_05_09.txt.gz,2026-05-09,18614567,True,True,176475689,,PASS
d07_text_station_5min_2026_05_10.txt.gz,2026-05-10,18392700,True,True,176236996,,PASS
d07_text_station_5min_2026_05_11.txt.gz,2026-05-11,18240856,True,True,176123080,,PASS
d07_text_station_5min_2026_05_12.txt.gz,2026-05-12,18596484,True,True,176257736,,PASS
d07_text_station_5min_2026_05_13.txt.gz,2026-05-13,18738568,True,True,176480431,,PASS
d07_text_station_5min_2026_05_14.txt.gz,2026-05-14,18671030,True,True,176523043,,PASS
d07_text_station_5min_2026_05_15.txt.gz,2026-05-15,18770140,True,True,176649612,,PASS
d07_text_station_5min_2026_05_16.txt.gz,2026-05-16,18983537,True,True,176611422,,PASS
d07_text_station_5min_2026_05_17.txt.gz,2026-05-17,18826476,True,True,176449346,,PASS
d07_text_station_5min_2026_05_18.txt.gz,2026-05-18,19112951,True,True,176554233,,PASS
d07_text_station_5min_2026_05_19.txt.gz,2026-05-19,19061685,True,True,176303950,,PASS
d07_text_station_5min_2026_05_20.txt.gz,2026-05-20,19093977,True,True,176494882,,PASS
d07_text_station_5min_2026_05_21.txt.gz,2026-05-21,19232576,True,True,176704695,,PASS
d07_text_station_5min_2026_05_22.txt.gz,2026-05-22,19025067,True,True,176805397,,PASS
d07_text_station_5min_2026_05_23.txt.gz,2026-05-23,18870115,True,True,176652885,,PASS
d07_text_station_5min_2026_05_24.txt.gz,2026-05-24,18633342,True,True,176438984,,PASS
d07_text_station_5min_2026_05_25.txt.gz,2026-05-25,18681171,True,True,176495954,,PASS
d07_text_station_5min_2026_05_26.txt.gz,2026-05-26,16147421,True,True,175015711,,PASS
d07_text_station_5min_2026_05_27.txt.gz,2026-05-27,14574456,True,True,174123934,,PASS
d07_text_station_5min_2026_05_28.txt.gz,2026-05-28,16581120,True,True,175214233,,PASS
d07_text_station_5min_2026_05_29.txt.gz,2026-05-29,18676792,True,True,176535158,,PASS
d07_text_station_5min_2026_05_30.txt.gz,2026-05-30,18767713,True,True,176432272,,PASS
d07_text_station_5min_2026_05_31.txt.gz,2026-05-31,18498318,True,True,176211525,,PASS
d07_text_station_5min_2026_06_01.txt.gz,2026-06-01,18750588,True,True,176331493,,PASS
d07_text_station_5min_2026_06_02.txt.gz,2026-06-02,18726280,True,True,176048240,,PASS
d07_text_station_5min_2026_06_03.txt.gz,2026-06-03,18758025,True,True,176391674,,PASS
d07_text_station_5min_2026_06_04.txt.gz,2026-06-04,18792961,True,True,176388673,,PASS
d07_text_station_5min_2026_06_05.txt.gz,2026-06-05,18745790,True,True,176504740,,PASS
d07_text_station_5min_2026_06_06.txt.gz,2026-06-06,18473973,True,True,176137069,,PASS
d07_text_station_5min_2026_06_07.txt.gz,2026-06-07,18431927,True,True,176155619,,PASS
d07_text_station_5min_2026_06_08.txt.gz,2026-06-08,18718163,True,True,176274437,,PASS
d07_text_station_5min_2026_06_09.txt.gz,2026-06-09,18696943,True,True,176017553,,PASS
d07_text_station_5min_2026_06_10.txt.gz,2026-06-10,18702512,True,True,176274314,,PASS
d07_text_station_5min_2026_06_11.txt.gz,2026-06-11,18748985,True,True,176421185,,PASS
d07_text_station_5min_2026_06_12.txt.gz,2026-06-12,18798716,True,True,176533845,,PASS
d07_text_station_5min_2026_06_13.txt.gz,2026-06-13,18668305,True,True,176382700,,PASS
d07_text_station_5min_2026_06_14.txt.gz,2026-06-14,18390090,True,True,176173742,,PASS
d07_text_station_5min_2026_06_15.txt.gz,2026-06-15,18776125,True,True,176314123,,PASS
d07_text_station_5min_2026_06_16.txt.gz,2026-06-16,18736212,True,True,176344963,,PASS
d07_text_station_5min_2026_06_17.txt.gz,2026-06-17,18814510,True,True,176413702,,PASS
d07_text_station_5min_2026_06_18.txt.gz,2026-06-18,18794938,True,True,176422720,,PASS
d07_text_station_5min_2026_06_19.txt.gz,2026-06-19,18589161,True,True,176554322,,PASS
d07_text_station_5min_2026_06_20.txt.gz,2026-06-20,18387802,True,True,176381600,,PASS
d07_text_station_5min_2026_06_21.txt.gz,2026-06-21,18216242,True,True,176197522,,PASS
d07_text_station_5min_2026_06_22.txt.gz,2026-06-22,18435395,True,True,176105364,,PASS
d07_text_station_5min_2026_06_23.txt.gz,2026-06-23,18380646,True,True,176178291,,PASS
d07_text_station_5min_2026_06_24.txt.gz,2026-06-24,18330347,True,True,176467315,,PASS
d07_text_station_5min_2026_06_25.txt.gz,2026-06-25,18370895,True,True,176463925,,PASS
d07_text_station_5min_2026_06_26.txt.gz,2026-06-26,18313934,True,True,176577206,,PASS
d07_text_station_5min_2026_06_27.txt.gz,2026-06-27,18236088,True,True,176422351,,PASS
d07_text_station_5min_2026_06_28.txt.gz,2026-06-28,18071637,True,True,176225295,,PASS
d07_text_station_5min_2026_06_29.txt.gz,2026-06-29,18282155,True,True,176361746,,PASS
d07_text_station_5min_2026_06_30.txt.gz,2026-06-30,18299274,True,True,176395391,,PASS
d07_text_station_5min_2026_07_01.txt.gz,2026-07-01,18507387,True,True,176492371,,PASS
d07_text_station_5min_2026_07_02.txt.gz,2026-07-02,18505741,True,True,176500454,,PASS
d07_text_station_5min_2026_07_03.txt.gz,2026-07-03,18328079,True,True,176581823,,PASS
d07_text_station_5min_2026_07_04.txt.gz,2026-07-04,18338060,True,True,176432880,,PASS
d07_text_station_5min_2026_07_05.txt.gz,2026-07-05,18228518,True,True,176307311,,PASS
d07_text_station_5min_2026_07_06.txt.gz,2026-07-06,18404437,True,True,176478890,,PASS
d07_text_station_5min_2026_07_07.txt.gz,2026-07-07,18454650,True,True,176508843,,PASS
d07_text_station_5min_2026_07_08.txt.gz,2026-07-08,18506857,True,True,176598205,,PASS
d07_text_station_5min_2026_07_09.txt.gz,2026-07-09,18638441,True,True,176623178,,PASS
d07_text_station_5min_2026_07_10.txt.gz,2026-07-10,18692369,True,True,176725903,,PASS
d07_text_station_5min_2026_07_11.txt.gz,2026-07-11,18518085,True,True,176582161,,PASS
d07_text_station_5min_2026_07_12.txt.gz,2026-07-12,18263667,True,True,176338596,,PASS
d07_text_station_5min_2026_07_13.txt.gz,2026-07-13,18554657,True,True,176058189,,PASS
d07_text_station_5min_2026_07_14.txt.gz,2026-07-14,18509257,True,True,176529858,,PASS
d07_text_station_5min_2026_07_15.txt.gz,2026-07-15,18672463,True,True,176623213,,PASS
d07_text_station_5min_2026_07_16.txt.gz,2026-07-16,18349210,True,True,176517323,,PASS
d07_text_station_5min_2026_07_17.txt.gz,2026-07-17,18381512,True,True,177922630,,PASS
d07_text_station_5min_2026_07_18.txt.gz,2026-07-18,18508428,True,True,177873797,,PASS
d07_text_station_5min_2026_07_19.txt.gz,2026-07-19,18303467,True,True,177639669,,PASS
d07_text_station_5min_2026_07_20.txt.gz,2026-07-20,18563811,True,True,177820557,,PASS
d07_text_station_5min_2026_07_21.txt.gz,2026-07-21,18625043,True,True,177623802,,PASS
d07_text_station_5min_2026_07_22.txt.gz,2026-07-22,18718515,True,True,177921202,,PASS
d07_text_station_5min_2026_07_23.txt.gz,2026-07-23,18759982,True,True,178001921,,PASS
d07_text_station_5min_2026_07_24.txt.gz,2026-07-24,18787667,True,True,178140119,,PASS
d07_text_station_5min_2026_07_25 (1).txt.gz,,18959094,True,True,178068182,,PASS
d07_text_station_5min_2026_07_25.txt.gz,2026-07-25,18959094,True,True,178068182,,PASS
d07_text_station_5min_2026_07_26.txt.gz,2026-07-26,18714047,True,True,177851803,,PASS
d07_text_station_5min_2026_07_27.txt.gz,2026-07-27,19010963,True,True,178009641,,PASS
d07_text_station_5min_2026_07_28.txt.gz,2026-07-28,19071203,True,True,178035825,,PASS
d07_text_station_5min_2026_07_29.txt.gz,2026-07-29,18792727,True,True,178101602,,PASS
d07_text_station_5min_2026_07_30.txt.gz,2026-07-30,18747659,True,True,178121674,,PASS
d07_text_station_5min_2026_07_31.txt.gz,2026-07-31,18781359,True,True,178239842,,PASS
d07_text_station_5min_2026_08_01.txt.gz,2026-08-01,18750143,True,True,178058274,,PASS
d07_text_station_5min_2026_08_02.txt.gz,2026-08-02,18552739,True,True,177814026,,PASS
d07_text_station_5min_2026_08_03.txt.gz,2026-08-03,18826447,True,True,177998777,,PASS
d07_text_station_5min_2026_08_04.txt.gz,2026-08-04,18757631,True,True,177992404,,PASS
d07_text_station_5min_2026_08_05.txt.gz,2026-08-05,18564375,True,True,178099950,,PASS
d07_text_station_5min_2026_08_06.txt.gz,2026-08-06,18642775,True,True,178115698,,PASS
d07_text_station_5min_2026_08_07.txt.gz,2026-08-07,18635814,True,True,178211030,,PASS
d07_text_station_5min_2026_08_08.txt.gz,2026-08-08,18636112,True,True,178056297,,PASS
d07_text_station_5min_2026_08_09.txt.gz,2026-08-09,18464034,True,True,177834238,,PASS
d07_text_station_5min_2026_08_10.txt.gz,2026-08-10,18758436,True,True,177991984,,PASS
d07_text_station_5min_2026_08_11.txt.gz,2026-08-11,18707730,True,True,177624558,,PASS
d07_text_station_5min_2026_08_12.txt.gz,2026-08-12,18515888,True,True,177877391,,PASS
d07_text_station_5min_2026_08_13.txt.gz,2026-08-13,18398085,True,True,177924839,,PASS
d07_text_station_5min_2026_08_14.txt.gz,2026-08-14,18810680,True,True,178159091,,PASS
d07_text_station_5min_2026_08_15.txt.gz,2026-08-15,18878210,True,True,178008727,,PASS
d07_text_station_5min_2026_08_16.txt.gz,2026-08-16,18614626,True,True,177785333,,PASS
d07_text_station_5min_2026_08_17.txt.gz,2026-08-17,18890573,True,True,177774440,,PASS
d07_text_station_5min_2026_08_18.txt.gz,2026-08-18,18843609,True,True,177561543,,PASS
d07_text_station_5min_2026_08_19.txt.gz,2026-08-19,18791379,True,True,177956218,,PASS
d07_text_station_5min_2026_08_20.txt.gz,2026-08-20,18751595,True,True,178029813,,PASS
d07_text_station_5min_2026_08_21.txt.gz,2026-08-21,18803822,True,True,178149605,,PASS
d07_text_station_5min_2026_08_22.txt.gz,2026-08-22,18880513,True,True,177984352,,PASS
d07_text_station_5min_2026_08_23 (1).txt.gz,,18640324,True,True,177606268,,PASS
d07_text_station_5min_2026_08_23.txt.gz,2026-08-23,18640324,True,True,177606268,,PASS
d07_text_station_5min_2026_08_24 (1).txt.gz,,18912105,True,True,177653726,,PASS
d07_text_station_5min_2026_08_24.txt.gz,2026-08-24,18912105,True,True,177653726,,PASS
d07_text_station_5min_2026_08_25.txt.gz,2026-08-25,18945674,True,True,177693591,,PASS
d07_text_station_5min_2026_08_26.txt.gz,2026-08-26,18776416,True,True,177796986,,PASS
d07_text_station_5min_2026_08_27.txt.gz,2026-08-27,18709630,True,True,177774180,,PASS
d07_text_station_5min_2026_08_28.txt.gz,2026-08-28,18751864,True,True,177892804,,PASS
d07_text_station_5min_2026_08_29.txt.gz,2026-08-29,18400594,True,True,177625384,,PASS
d07_text_station_5min_2026_08_30.txt.gz,2026-08-30,14302129,True,True,175050203,,PASS
d07_text_station_5min_2026_08_31.txt.gz,2026-08-31,14397139,True,True,175176438,,PASS
