scope,model,relation,threshold_mph,N,count,percentage
PRIMARY_VALIDATION,XGB,LE,1,1477046,531897,36.0108622209464
PRIMARY_VALIDATION,XGB,LE,2,1477046,888459,60.15107180141986
PRIMARY_VALIDATION,XGB,LE,3,1477046,1089891,73.78856176449482
PRIMARY_VALIDATION,XGB,LE,5,1477046,1265426,85.67275494466658
PRIMARY_VALIDATION,XGB,GT,5,1477046,211620,14.327245055333416
PRIMARY_VALIDATION,XGB,GT,10,1477046,87362,5.914643145846507
PRIMARY_VALIDATION,GRU,LE,1,1477046,487805,33.02571483894205
PRIMARY_VALIDATION,GRU,LE,2,1477046,839719,56.851242276814666
PRIMARY_VALIDATION,GRU,LE,3,1477046,1049940,71.08377125695476
PRIMARY_VALIDATION,GRU,LE,5,1477046,1240928,84.01417423695673
PRIMARY_VALIDATION,GRU,GT,5,1477046,236118,15.985825763043263
PRIMARY_VALIDATION,GRU,GT,10,1477046,98764,6.686589314076881
PRIMARY_TEST,XGB,LE,1,2951376,1055467,35.76186158591789
PRIMARY_TEST,XGB,LE,2,2951376,1764366,59.78113259713435
PRIMARY_TEST,XGB,LE,3,2951376,2164707,73.34568689316441
PRIMARY_TEST,XGB,LE,5,2951376,2517065,85.28445714812345
PRIMARY_TEST,XGB,GT,5,2951376,434311,14.715542851876549
PRIMARY_TEST,XGB,GT,10,2951376,178122,6.035218826743865
PRIMARY_TEST,GRU,LE,1,2951376,969407,32.84593355777102
PRIMARY_TEST,GRU,LE,2,2951376,1670688,56.60708767706995
PRIMARY_TEST,GRU,LE,3,2951376,2089281,70.79006537967375
PRIMARY_TEST,GRU,LE,5,2951376,2470331,83.70099235068659
PRIMARY_TEST,GRU,GT,5,2951376,481045,16.299007649313406
PRIMARY_TEST,GRU,GT,10,2951376,200578,6.7960842671350585
