station,horizon_minutes,metadata_stable,target_ge90_eligible_samples,days_with_eligible_target
715898,30,True,0,0
715915,30,True,0,0
715916,30,False,0,0
715918,30,False,0,0
715920,30,False,0,0
715929,30,True,0,0
715930,30,True,0,0
715933,30,True,0,0
715938,30,True,29026,107
715944,30,True,0,0
715947,30,True,0,0
715996,30,True,0,0
716016,30,True,0,0
716017,30,True,413,2
716023,30,True,0,0
716028,30,True,0,0
716032,30,True,0,0
716036,30,True,0,0
716047,30,True,0,0
716050,30,True,0,0
716057,30,True,0,0
716063,30,True,0,0
716067,30,True,0,0
716069,30,True,0,0
716072,30,True,0,0
716075,30,True,0,0
716076,30,True,0,0
716078,30,True,0,0
716081,30,True,37123,132
716084,30,True,0,0
716085,30,True,64708,230
716087,30,True,12655,51
716088,30,True,64703,230
716091,30,True,62697,229
716092,30,True,0,0
716101,30,True,0,0
716126,30,True,0,0
716142,30,True,43248,160
716143,30,True,0,0
716146,30,True,0,0
716152,30,True,65554,241
716153,30,True,0,0
716172,30,True,0,0
716174,30,True,0,0
716176,30,True,0,0
716181,30,True,0,0
716187,30,True,0,0
716193,30,True,0,0
716203,30,True,0,0
716206,30,True,0,0
716213,30,True,0,0
716235,30,True,0,0
716237,30,True,0,0
716238,30,True,0,0
716241,30,True,0,0
716253,30,True,0,0
716254,30,True,0,0
716265,30,True,0,0
716271,30,True,0,0
716272,30,True,0,0
716273,30,True,0,0
716295,30,False,5760,22
716296,30,False,0,0
716311,30,True,0,0
716312,30,True,0,0
716313,30,True,0,0
716314,30,True,0,0
716328,30,True,5907,31
716331,30,True,0,0
716337,30,True,0,0
716339,30,True,0,0
716359,30,True,0,0
716390,30,True,0,0
716391,30,True,0,0
716392,30,True,0,0
716402,30,True,0,0
716404,30,True,0,0
716405,30,True,0,0
716407,30,True,0,0
716409,30,True,0,0
716413,30,True,0,0
716414,30,True,0,0
716419,30,True,0,0
716420,30,True,0,0
716421,30,True,0,0
716422,30,True,0,0
716424,30,True,0,0
716426,30,True,0,0
716427,30,True,0,0
716428,30,True,0,0
716431,30,True,0,0
716433,30,True,0,0
716434,30,True,0,0
716437,30,True,0,0
716440,30,True,0,0
716441,30,True,0,0
716442,30,True,0,0
716443,30,True,0,0
716448,30,True,0,0
716449,30,True,0,0
716450,30,True,0,0
716453,30,True,0,0
716456,30,True,0,0
716457,30,True,0,0
716459,30,True,0,0
716460,30,True,0,0
716461,30,True,0,0
716466,30,True,0,0
716470,30,True,0,0
716471,30,True,0,0
716481,30,True,0,0
716484,30,True,0,0
716485,30,True,0,0
716490,30,True,0,0
716491,30,True,0,0
716494,30,True,0,0
716495,30,True,0,0
716499,30,True,0,0
716500,30,True,0,0
716551,30,True,54600,218
716554,30,True,60093,220
716571,30,True,0,0
716573,30,True,0,0
716626,30,True,0,0
716632,30,True,0,0
716659,30,True,0,0
716660,30,True,0,0
716663,30,True,0,0
716670,30,True,0,0
716674,30,True,0,0
716689,30,True,0,0
716694,30,True,0,0
716714,30,True,2874,11
716719,30,True,0,0
716720,30,True,0,0
716733,30,True,0,0
716738,30,True,0,0
716739,30,True,0,0
716760,30,True,0,0
716775,30,True,0,0
716776,30,True,0,0
716778,30,True,0,0
716784,30,True,0,0
716788,30,True,0,0
716797,30,True,0,0
716800,30,True,0,0
716810,30,True,0,0
716819,30,True,7356,27
716829,30,True,0,0
716834,30,True,0,0
716841,30,True,0,0
716847,30,True,0,0
716857,30,True,0,0
716875,30,True,0,0
716891,30,True,0,0
716895,30,True,0,0
716896,30,True,0,0
716898,30,True,0,0
716899,30,False,0,0
716900,30,False,0,0
716902,30,True,0,0
716904,30,True,0,0
716906,30,True,0,0
716907,30,True,0,0
716908,30,True,0,0
716911,30,True,0,0
716912,30,True,0,0
716915,30,False,0,0
716916,30,True,0,0
716918,30,True,0,0
716920,30,True,0,0
716921,30,True,0,0
716922,30,True,0,0
716923,30,True,0,0
716924,30,True,0,0
716925,30,True,0,0
716928,30,True,0,0
716929,30,True,29888,107
716930,30,True,29888,107
716933,30,True,0,0
716934,30,True,29888,107
716936,30,True,0,0
716937,30,True,0,0
716938,30,True,0,0
716939,30,True,0,0
716940,30,True,0,0
716941,30,True,0,0
716942,30,True,0,0
716943,30,True,0,0
716944,30,True,0,0
716946,30,True,0,0
716949,30,True,0,0
716951,30,True,0,0
716953,30,True,0,0
716955,30,True,0,0
716956,30,True,0,0
716958,30,True,0,0
716960,30,True,0,0
716963,30,True,0,0
716965,30,True,0,0
716968,30,True,14691,53
716971,30,True,0,0
716973,30,True,0,0
716974,30,True,0,0
716977,30,True,1899,11
716978,30,True,2585,14
716979,30,True,0,0
716981,30,True,1434,5
716983,30,True,25832,112
716985,30,True,27,2
716986,30,True,58355,210
716988,30,True,0,0
716989,30,True,0,0
716990,30,True,0,0
716991,30,True,0,0
716993,30,True,0,0
716994,30,True,0,0
716996,30,True,0,0
716997,30,True,0,0
716999,30,True,0,0
717000,30,True,0,0
717001,30,True,0,0
717002,30,True,0,0
717004,30,True,0,0
717006,30,True,0,0
717008,30,True,0,0
717009,30,True,0,0
717011,30,True,0,0
717012,30,True,0,0
717014,30,True,0,0
717015,30,True,0,0
717016,30,True,0,0
717019,30,True,0,0
717020,30,True,0,0
717022,30,True,0,0
717026,30,True,0,0
717028,30,True,0,0
717029,30,True,0,0
717031,30,True,0,0
717032,30,True,0,0
717033,30,True,0,0
717035,30,True,0,0
717036,30,True,0,0
717039,30,True,0,0
717040,30,True,0,0
717041,30,True,0,0
717042,30,True,0,0
717043,30,True,0,0
717045,30,True,0,0
717046,30,True,0,0
717047,30,True,0,0
717049,30,True,0,0
717052,30,True,0,0
717055,30,True,0,0
717059,30,True,0,0
717060,30,True,0,0
717065,30,True,0,0
717070,30,True,0,0
717071,30,True,0,0
717073,30,True,0,0
717075,30,True,64997,230
717077,30,True,64994,230
717079,30,True,0,0
717081,30,True,0,0
717083,30,True,28452,103
717084,30,True,0,0
717087,30,True,65283,230
717089,30,True,64416,230
717091,30,True,63718,230
717093,30,True,64994,230
717095,30,True,0,0
717097,30,True,64375,230
717099,30,True,0,0
717101,30,True,64710,230
717105,30,True,0,0
717108,30,True,58673,208
717110,30,True,0,0
717112,30,True,58672,208
717114,30,True,0,0
717116,30,True,10351,36
717119,30,True,0,0
717121,30,True,0,0
717123,30,True,0,0
717125,30,True,0,0
717127,30,True,0,0
717129,30,True,0,0
717131,30,True,0,0
717133,30,True,0,0
717134,30,True,0,0
717135,30,True,0,0
717136,30,True,0,0
717139,30,True,0,0
717142,30,True,68429,241
717143,30,True,38094,145
717146,30,True,0,0
717150,30,True,67801,241
717152,30,True,0,0
717154,30,True,68149,241
717155,30,True,0,0
717156,30,True,22721,83
717157,30,True,22721,83
717160,30,True,68431,241
717162,30,True,33649,180
717165,30,True,4865,31
717167,30,True,12138,63
717169,30,True,0,0
717171,30,True,0,0
717174,30,True,68434,241
717176,30,True,67564,240
717179,30,True,288,2
717185,30,True,68436,241
717187,30,True,66962,240
717190,30,True,68149,241
717192,30,True,66990,240
717195,30,True,62999,236
717196,30,True,36124,154
717198,30,True,68438,241
717200,30,True,66995,238
717202,30,True,0,0
717205,30,True,274,2
717207,30,True,39086,139
717209,30,True,559,4
717211,30,True,1415,8
717214,30,True,838,5
717216,30,True,1438,10
717219,30,True,68149,241
717220,30,True,576,4
717224,30,True,844,5
717226,30,True,812,6
717235,30,True,0,0
717236,30,True,0,0
717238,30,True,0,0
717240,30,True,63513,228
717241,30,True,65825,240
717243,30,True,0,0
717245,30,True,0,0
717246,30,True,67851,241
717247,30,True,66984,240
717249,30,True,65552,241
717251,30,True,66706,241
717252,30,True,66133,241
717254,30,True,66133,239
717257,30,True,0,0
717258,30,True,60892,233
717260,30,True,0,0
717262,30,True,0,0
717263,30,True,0,0
717264,30,False,0,0
717265,30,True,0,0
717266,30,True,0,0
717268,30,True,0,0
717269,30,True,0,0
717270,30,True,0,0
717273,30,True,0,0
717274,30,True,0,0
717277,30,True,0,0
717279,30,True,0,0
717281,30,True,0,0
717282,30,True,0,0
717285,30,True,0,0
717288,30,True,0,0
717290,30,True,0,0
717292,30,True,0,0
717294,30,True,0,0
717296,30,True,0,0
717298,30,True,0,0
717300,30,True,0,0
717301,30,True,0,0
717303,30,True,0,0
717306,30,True,0,0
717308,30,True,0,0
717312,30,True,0,0
717315,30,True,0,0
717316,30,True,0,0
717318,30,True,0,0
717320,30,True,0,0
717322,30,True,0,0
717324,30,True,0,0
717328,30,True,0,0
717330,30,True,0,0
717332,30,True,0,0
717334,30,True,0,0
717337,30,True,0,0
717339,30,True,0,0
717340,30,True,0,0
717342,30,True,0,0
717343,30,True,0,0
717346,30,True,0,0
717350,30,True,0,0
717352,30,True,0,0
717355,30,True,0,0
717357,30,True,0,0
717358,30,True,0,0
717361,30,True,0,0
717365,30,True,0,0
717367,30,True,19471,86
717368,30,True,0,0
717369,30,True,30780,122
717373,30,True,66718,240
717374,30,True,66718,240
717375,30,True,0,0
717376,30,True,0,0
717378,30,True,0,0
717379,30,True,0,0
717380,30,True,0,0
717381,30,True,0,0
717383,30,True,0,0
717384,30,True,0,0
717387,30,True,2880,12
717388,30,True,2880,12
717390,30,True,3168,13
717392,30,False,0,0
717393,30,False,0,0
717396,30,False,34816,124
717397,30,False,34817,124
717399,30,True,23183,97
717402,30,True,0,0
717404,30,True,8922,57
717406,30,True,22433,81
717410,30,True,0,0
717413,30,True,2304,9
717416,30,True,0,0
717418,30,True,1721,9
717420,30,True,0,0
717421,30,True,0,0
717424,30,True,3454,14
717426,30,True,23578,99
717428,30,True,0,0
717431,30,True,22722,98
717433,30,True,0,0
717434,30,True,67872,240
717435,30,True,67586,240
717436,30,True,67863,240
717438,30,True,0,0
717439,30,True,1741,13
717440,30,True,67873,240
717441,30,True,68158,240
717442,30,True,5579,24
717443,30,True,14105,56
717445,30,True,0,0
717446,30,True,0,0
717447,30,True,0,0
717450,30,True,0,0
717452,30,True,0,0
717453,30,True,0,0
717456,30,True,0,0
717458,30,True,0,0
717459,30,True,0,0
717460,30,True,0,0
717461,30,True,0,0
717462,30,True,0,0
717463,30,True,0,0
717465,30,True,0,0
717466,30,True,0,0
717468,30,True,0,0
717469,30,True,0,0
717472,30,True,27899,136
717473,30,True,30741,154
717479,30,True,21300,81
717480,30,True,0,0
717481,30,True,0,0
717483,30,True,0,0
717484,30,True,0,0
717486,30,True,0,0
717488,30,True,0,0
717489,30,True,0,0
717490,30,True,0,0
717491,30,True,0,0
717492,30,True,39698,140
717493,30,True,0,0
717495,30,True,0,0
717497,30,True,0,0
717498,30,True,0,0
717499,30,True,0,0
717501,30,True,0,0
717502,30,True,0,0
717504,30,True,0,0
717508,30,True,0,0
717510,30,True,0,0
717511,30,True,0,0
717513,30,True,282,1
717514,30,True,0,0
717515,30,True,18385,69
717516,30,True,0,0
717517,30,True,0,0
717518,30,True,0,0
717519,30,True,0,0
717520,30,True,0,0
717522,30,True,0,0
717524,30,True,0,0
717525,30,True,0,0
717528,30,True,0,0
717530,30,True,0,0
717532,30,True,0,0
717533,30,True,10639,44
717535,30,True,12655,44
717536,30,True,11215,44
717537,30,True,11215,44
717539,30,True,0,0
717541,30,True,0,0
717543,30,True,11215,44
717544,30,True,11215,44
717546,30,True,0,0
717547,30,True,0,0
717549,30,True,2592,10
717553,30,True,2592,10
717554,30,True,9216,39
717557,30,True,0,0
717558,30,True,0,0
717560,30,True,4025,14
717562,30,True,0,0
717565,30,True,0,0
717566,30,True,8928,39
717568,30,True,0,0
717570,30,True,0,0
717571,30,True,0,0
717572,30,True,0,0
717573,30,True,0,0
717576,30,True,0,0
717578,30,True,60385,219
717580,30,True,60945,220
717582,30,True,59711,219
717583,30,True,59742,220
717585,30,True,0,0
717587,30,True,0,0
717590,30,True,0,0
717592,30,True,0,0
717595,30,True,0,0
717597,30,True,0,0
717599,30,True,0,0
717601,30,True,0,0
717603,30,True,0,0
717606,30,True,0,0
717608,30,True,0,0
717610,30,True,0,0
717612,30,True,0,0
717613,30,True,0,0
717614,30,True,0,0
717615,30,True,0,0
717617,30,True,24142,90
717620,30,True,0,0
717622,30,True,1117,7
717624,30,True,0,0
717625,30,True,0,0
717627,30,True,0,0
717628,30,True,0,0
717630,30,True,0,0
717631,30,True,0,0
717633,30,True,0,0
717634,30,True,0,0
717635,30,True,0,0
717637,30,True,66087,241
717638,30,True,67278,240
717640,30,True,68148,240
717642,30,True,28155,129
717644,30,True,1438,10
717646,30,True,67555,240
717649,30,True,0,0
717650,30,True,67572,240
717653,30,True,0,0
717654,30,True,68146,240
717657,30,True,0,0
717659,30,True,0,0
717660,30,True,0,0
717661,30,True,11789,41
717663,30,True,258,2
717664,30,True,11790,41
717667,30,True,0,0
717669,30,True,0,0
717672,30,True,40940,145
717673,30,True,57749,233
717674,30,True,66440,238
717675,30,True,15813,57
717676,30,True,25605,91
717678,30,True,24132,91
717682,30,True,52176,188
717684,30,True,24405,91
717685,30,True,52181,188
717686,30,True,51875,188
717688,30,True,51275,188
717692,30,True,0,0
717694,30,True,38933,143
717696,30,True,0,0
717697,30,True,0,0
717699,30,True,0,0
717701,30,True,0,0
717703,30,True,0,0
717706,30,True,0,0
717709,30,True,0,0
717710,30,True,0,0
717711,30,True,0,0
717713,30,True,0,0
717715,30,True,0,0
717717,30,True,0,0
717719,30,True,0,0
717720,30,True,0,0
717721,30,True,0,0
717723,30,True,0,0
717724,30,True,0,0
717727,30,True,0,0
717729,30,True,0,0
717731,30,True,0,0
717733,30,True,0,0
717735,30,True,0,0
717740,30,True,0,0
717742,30,True,0,0
717744,30,True,0,0
717746,30,True,0,0
717750,30,True,0,0
717751,30,True,0,0
717752,30,True,0,0
717753,30,True,0,0
717755,30,True,0,0
717758,30,True,0,0
717760,30,True,32175,135
717763,30,True,848,6
717765,30,True,0,0
717766,30,True,0,0
717769,30,True,0,0
717770,30,True,0,0
717772,30,True,0,0
717776,30,True,0,0
717777,30,True,0,0
717779,30,True,0,0
717787,30,True,0,0
717788,30,True,0,0
717790,30,True,47137,171
717794,30,True,0,0
717795,30,True,0,0
717797,30,True,0,0
717798,30,True,0,0
717799,30,True,0,0
717800,30,True,0,0
717801,30,True,0,0
717804,30,True,0,0
717806,30,True,0,0
717807,30,True,0,0
717809,30,True,0,0
717813,30,True,10057,39
717814,30,True,0,0
717816,30,True,0,0
717818,30,True,0,0
717819,30,True,0,0
717821,30,True,0,0
717823,30,True,0,0
717824,30,True,0,0
717825,30,True,0,0
717826,30,True,0,0
717827,30,True,0,0
717828,30,True,0,0
717829,30,True,0,0
717831,30,True,31622,132
717832,30,True,24749,106
717833,30,True,19153,72
717836,30,True,3738,21
717838,30,True,24434,86
717839,30,True,0,0
717842,30,True,0,0
717843,30,True,0,0
717844,30,True,0,0
717846,30,True,0,0
717847,30,True,0,0
717848,30,True,0,0
717850,30,True,54368,209
717851,30,True,0,0
717853,30,True,0,0
717854,30,True,0,0
717857,30,True,0,0
717858,30,True,0,0
717859,30,True,0,0
717862,30,True,0,0
717863,30,True,16844,86
717864,30,True,0,0
717865,30,True,0,0
717867,30,True,0,0
717871,30,True,0,0
717872,30,True,0,0
717875,30,True,0,0
717877,30,True,0,0
717879,30,True,0,0
717881,30,True,0,0
717884,30,True,0,0
717885,30,True,0,0
717887,30,True,0,0
717888,30,True,0,0
717893,30,True,0,0
717894,30,True,0,0
717896,30,True,0,0
717897,30,True,0,0
717898,30,True,0,0
717903,30,True,0,0
717906,30,True,0,0
717907,30,True,0,0
717909,30,True,0,0
717912,30,True,0,0
717914,30,True,6358,23
717915,30,True,0,0
717922,30,True,0,0
717924,30,True,0,0
717925,30,True,0,0
717926,30,True,0,0
717929,30,True,0,0
717930,30,True,0,0
717933,30,True,0,0
717934,30,True,0,0
717940,30,True,0,0
717942,30,True,0,0
717943,30,True,0,0
717945,30,True,0,0
717951,30,True,0,0
717956,30,True,25728,94
717957,30,True,0,0
717958,30,True,13811,49
717960,30,True,0,0
717962,30,True,0,0
717963,30,True,0,0
717966,30,True,0,0
717968,30,True,0,0
717970,30,True,0,0
717972,30,True,0,0
717975,30,True,0,0
717977,30,True,0,0
717978,30,True,0,0
717980,30,True,0,0
717983,30,True,576,4
717986,30,True,556,3
717989,30,True,35642,129
717992,30,True,4598,18
717995,30,True,16837,62
718002,30,True,0,0
718008,30,True,0,0
718012,30,True,3696,19
718014,30,True,0,0
718016,30,True,0,0
718017,30,True,0,0
718018,30,True,0,0
718020,30,True,0,0
718041,30,True,0,0
718045,30,True,0,0
718046,30,True,0,0
718047,30,True,867,5
718048,30,True,0,0
718050,30,True,0,0
718051,30,True,0,0
718052,30,True,0,0
718053,30,True,0,0
718054,30,True,0,0
718064,30,True,0,0
718066,30,True,42250,151
718072,30,True,42250,151
718076,30,True,29361,126
718081,30,False,46140,164
718085,30,True,0,0
718086,30,True,0,0
718089,30,True,0,0
718090,30,False,0,0
718092,30,True,0,0
718099,30,True,0,0
718102,30,True,0,0
718103,30,True,0,0
718118,30,True,541,4
718119,30,True,479,4
718123,30,True,0,0
718124,30,True,0,0
718125,30,True,0,0
718126,30,True,0,0
718127,30,True,0,0
718130,30,True,4568,21
718141,30,True,0,0
718142,30,True,0,0
718143,30,True,0,0
718144,30,True,0,0
718146,30,True,0,0
718147,30,True,0,0
718148,30,True,0,0
718149,30,True,0,0
718150,30,True,0,0
718151,30,True,0,0
718155,30,True,0,0
718164,30,True,0,0
718165,30,True,0,0
718166,30,True,0,0
718173,30,True,0,0
718204,30,True,0,0
718210,30,True,67860,241
718219,30,True,0,0
718221,30,True,0,0
718223,30,True,0,0
718226,30,True,0,0
718227,30,True,0,0
718229,30,True,0,0
718232,30,True,0,0
718235,30,True,0,0
718238,30,True,0,0
718240,30,True,0,0
718242,30,True,0,0
718243,30,True,0,0
718245,30,True,0,0
718247,30,True,0,0
718249,30,True,0,0
718251,30,True,0,0
718253,30,True,0,0
718256,30,True,0,0
718258,30,True,0,0
718259,30,True,22974,87
718262,30,True,0,0
718265,30,True,0,0
718266,30,True,0,0
718267,30,True,0,0
718275,30,True,0,0
718277,30,True,0,0
718280,30,True,0,0
718284,30,True,0,0
718287,30,True,51947,213
718290,30,True,0,0
718291,30,True,0,0
718292,30,True,0,0
718296,30,True,2298,9
718297,30,True,0,0
718300,30,True,0,0
718302,30,True,0,0
718304,30,True,0,0
718308,30,True,0,0
718310,30,True,0,0
718312,30,True,0,0
718314,30,True,0,0
718315,30,True,0,0
718320,30,True,0,0
718321,30,True,0,0
718326,30,True,0,0
718327,30,True,0,0
718332,30,True,0,0
718335,30,True,0,0
718356,30,True,68426,241
718358,30,True,0,0
718360,30,True,0,0
718364,30,True,29028,107
718370,30,True,0,0
718371,30,True,0,0
718375,30,True,66710,239
718376,30,True,31633,114
718379,30,True,0,0
718384,30,True,0,0
718389,30,True,0,0
718392,30,True,0,0
718393,30,True,0,0
718394,30,True,0,0
718404,30,True,0,0
718405,30,True,0,0
718410,30,True,0,0
718411,30,True,0,0
718412,30,True,0,0
718414,30,True,0,0
718415,30,True,0,0
718419,30,True,0,0
718421,30,True,0,0
718445,30,True,0,0
718453,30,True,0,0
718455,30,True,0,0
718466,30,True,0,0
718469,30,True,0,0
718479,30,True,0,0
718488,30,True,0,0
718492,30,True,0,0
718493,30,True,0,0
718496,30,True,62392,224
718499,30,True,65843,236
718500,30,True,0,0
737152,30,True,0,0
737158,30,True,0,0
737184,30,True,0,0
737229,30,True,0,0
737232,30,True,0,0
737237,30,True,0,0
737242,30,True,0,0
737246,30,True,0,0
737257,30,True,0,0
737258,30,True,0,0
737269,30,True,0,0
737278,30,True,0,0
737292,30,True,0,0
737313,30,True,0,0
737320,30,True,0,0
737344,30,True,0,0
737345,30,True,0,0
737433,30,True,0,0
737504,30,True,56837,204
737529,30,True,0,0
759142,30,True,0,0
759165,30,True,0,0
759228,30,True,0,0
759250,30,True,0,0
759257,30,True,0,0
759259,30,True,0,0
759271,30,True,0,0
759280,30,True,0,0
759289,30,True,0,0
759385,30,True,0,0
759416,30,True,0,0
759418,30,True,0,0
759422,30,True,0,0
759427,30,True,0,0
759513,30,True,0,0
759518,30,True,0,0
759531,30,True,0,0
759542,30,True,0,0
759552,30,True,0,0
759566,30,True,22692,85
759576,30,True,0,0
759591,30,True,0,0
759602,30,True,0,0
759610,30,True,0,0
759617,30,True,0,0
759626,30,True,0,0
759636,30,True,0,0
759648,30,True,0,0
759654,30,True,0,0
759666,30,True,0,0
759672,30,True,0,0
759677,30,True,0,0
759685,30,True,14078,52
759700,30,True,0,0
759707,30,True,0,0
759747,30,False,0,0
759762,30,True,55475,208
759772,30,True,25119,121
759783,30,True,55462,209
759822,30,True,0,0
759834,30,True,0,0
759835,30,True,0,0
759844,30,True,0,0
759850,30,True,0,0
759858,30,True,0,0
759870,30,True,0,0
759900,30,True,0,0
759914,30,True,0,0
759927,30,True,0,0
759933,30,True,0,0
759942,30,True,0,0
759980,30,True,10930,66
760002,30,True,0,0
760013,30,True,0,0
760024,30,True,0,0
760046,30,True,0,0
760063,30,True,0,0
760074,30,True,0,0
760080,30,True,0,0
760101,30,True,0,0
760112,30,True,0,0
760167,30,True,0,0
760187,30,True,0,0
760196,30,True,0,0
760226,30,True,0,0
760236,30,True,0,0
760283,30,True,0,0
760301,30,True,0,0
760315,30,True,0,0
760330,30,True,0,0
760349,30,True,0,0
760358,30,True,0,0
760361,30,True,0,0
760369,30,True,0,0
760375,30,True,258,2
760384,30,True,0,0
760398,30,True,0,0
760426,30,True,0,0
760440,30,True,0,0
760452,30,True,0,0
760473,30,True,0,0
760481,30,True,0,0
760496,30,True,0,0
760512,30,True,0,0
760535,30,True,0,0
760558,30,True,0,0
760568,30,True,0,0
760599,30,True,0,0
760606,30,True,0,0
760619,30,True,0,0
760635,30,True,0,0
760643,30,True,0,0
760650,30,True,0,0
760686,30,True,8928,39
760693,30,True,8928,39
760706,30,True,0,0
760718,30,True,0,0
760726,30,True,12079,43
760738,30,True,12079,43
760746,30,True,0,0
760756,30,True,12079,43
760765,30,True,2787,16
760774,30,True,11503,42
760782,30,True,12079,43
760794,30,True,0,0
760801,30,True,11209,42
760812,30,True,0,0
760814,30,True,11503,42
760828,30,True,0,0
760869,30,True,12079,43
760892,30,True,12079,43
760900,30,True,0,0
760911,30,True,12079,43
760921,30,True,0,0
760932,30,True,9112,39
760941,30,True,10061,37
760951,30,True,0,0
760959,30,True,12079,43
760971,30,True,12079,43
760987,30,True,60950,234
761003,30,True,60084,235
761016,30,True,0,0
761070,30,True,0,0
761128,30,True,0,0
761141,30,True,0,0
761152,30,True,0,0
761165,30,True,15223,92
761177,30,True,0,0
761191,30,True,60131,224
761206,30,True,65554,240
761220,30,True,50453,188
761342,30,True,0,0
761356,30,True,50656,208
761374,30,True,68150,241
761455,30,True,0,0
761482,30,True,0,0
761492,30,True,0,0
761500,30,True,0,0
761526,30,True,0,0
761541,30,True,0,0
761552,30,True,65535,240
761599,30,False,0,0
761604,30,False,0,0
761644,30,True,0,0
761675,30,True,0,0
761734,30,True,0,0
761761,30,True,0,0
761776,30,True,36222,131
761844,30,True,47994,171
761851,30,True,3206,15
762329,30,True,42250,151
762347,30,True,0,0
762353,30,False,0,0
762398,30,True,0,0
763237,30,True,0,0
763246,30,True,0,0
763251,30,True,0,0
763259,30,True,0,0
763267,30,True,0,0
763275,30,True,0,0
763286,30,True,0,0
763294,30,True,0,0
763299,30,True,0,0
763304,30,True,0,0
763309,30,True,0,0
763314,30,True,0,0
763325,30,True,0,0
763330,30,True,0,0
763336,30,True,0,0
763341,30,True,0,0
763346,30,True,0,0
763354,30,True,0,0
763361,30,True,0,0
763367,30,True,5471,20
763372,30,True,0,0
763377,30,True,0,0
763384,30,True,0,0
763392,30,True,0,0
763400,30,True,0,0
763408,30,True,6047,24
763419,30,True,0,0
763424,30,True,0,0
763429,30,True,0,0
763434,30,True,0,0
763439,30,True,0,0
763447,30,True,0,0
763453,30,True,0,0
763458,30,True,0,0
763468,30,True,0,0
763479,30,True,67848,241
763485,30,True,0,0
763490,30,True,0,0
763498,30,True,0,0
763502,30,True,0,0
763507,30,True,0,0
763512,30,True,0,0
763517,30,True,0,0
763522,30,True,0,0
763527,30,True,0,0
763532,30,True,0,0
763539,30,True,0,0
763553,30,True,0,0
763558,30,True,67569,241
763563,30,True,68433,241
763568,30,True,0,0
763573,30,True,46853,185
763578,30,True,67859,241
763583,30,True,55770,199
763590,30,True,0,0
763616,30,True,1728,12
763621,30,True,0,0
763626,30,True,0,0
763641,30,True,0,0
763649,30,True,68438,241
763663,30,True,0,0
763669,30,True,31634,114
763674,30,True,0,0
763683,30,True,59094,237
763689,30,True,0,0
763695,30,True,0,0
763700,30,True,0,0
763706,30,True,0,0
763712,30,True,0,0
763720,30,True,0,0
763731,30,True,0,0
763748,30,True,0,0
763963,30,True,0,0
763970,30,True,0,0
763975,30,True,0,0
763980,30,True,0,0
763985,30,True,0,0
763990,30,True,0,0
763995,30,False,0,0
764001,30,True,60377,215
764021,30,True,6343,23
764026,30,True,0,0
764032,30,True,0,0
764037,30,True,0,0
764050,30,True,0,0
764054,30,True,0,0
764059,30,True,0,0
764064,30,True,12079,43
764068,30,True,0,0
764072,30,True,12078,43
764076,30,True,10909,42
764081,30,True,9475,36
764085,30,True,11503,42
764089,30,True,0,0
764096,30,True,68434,241
764101,30,True,0,0
764106,30,False,0,0
764130,30,True,0,0
764137,30,True,0,0
764146,30,True,0,0
764151,30,True,0,0
764156,30,True,0,0
764161,30,True,2592,10
764165,30,True,2592,10
764169,30,True,4026,14
764173,30,True,4026,14
764177,30,True,11501,42
764181,30,True,11503,42
764185,30,True,12079,43
764189,30,True,0,0
764193,30,True,0,0
764197,30,True,0,0
764201,30,True,0,0
764206,30,True,0,0
764217,30,True,0,0
764222,30,True,68435,241
764227,30,True,37140,184
764232,30,False,0,0
764244,30,True,0,0
764249,30,True,0,0
764262,30,True,0,0
764269,30,True,0,0
764276,30,True,67866,240
764283,30,True,0,0
764290,30,True,0,0
764297,30,True,0,0
764304,30,True,56968,206
764311,30,True,45758,168
764318,30,True,0,0
764322,30,True,0,0
764417,30,True,0,0
764418,30,True,0,0
764420,30,True,0,0
764425,30,True,0,0
764430,30,False,0,0
764435,30,True,0,0
764567,30,True,0,0
764572,30,True,0,0
764578,30,True,66335,239
764583,30,True,66244,240
764590,30,True,0,0
764598,30,True,0,0
764604,30,True,0,0
764622,30,True,0,0
764627,30,True,0,0
764632,30,True,0,0
764637,30,True,0,0
764646,30,True,0,0
764671,30,True,0,0
764754,30,True,0,0
764760,30,True,0,0
764766,30,True,0,0
764781,30,True,0,0
764794,30,True,0,0
764798,30,True,27612,100
764803,30,True,2533,12
764808,30,True,0,0
764814,30,True,47321,182
764819,30,True,60047,223
764824,30,True,68151,240
764829,30,True,0,0
764834,30,True,0,0
764839,30,True,38227,150
764848,30,True,66432,235
764853,30,True,0,0
764863,30,True,0,0
764868,30,True,0,0
764874,30,True,0,0
764879,30,True,0,0
764885,30,True,0,0
764891,30,True,0,0
764900,30,True,0,0
764905,30,True,0,0
764910,30,True,0,0
764915,30,True,63546,227
764921,30,True,0,0
764927,30,True,0,0
764932,30,True,54624,196
764937,30,True,0,0
764941,30,True,0,0
764949,30,True,0,0
764958,30,True,0,0
764963,30,True,0,0
765098,30,True,0,0
765099,30,True,0,0
765100,30,True,0,0
765101,30,True,0,0
765106,30,True,0,0
765150,30,True,39256,185
765153,30,True,58079,238
765164,30,True,0,0
765171,30,True,0,0
765176,30,True,0,0
765265,30,True,0,0
765273,30,True,0,0
765444,30,True,0,0
765451,30,True,0,0
765456,30,True,62962,240
765461,30,True,56363,222
765467,30,True,0,0
765472,30,True,0,0
765476,30,True,0,0
765477,30,True,50736,188
765486,30,True,0,0
765501,30,True,22228,91
765506,30,True,0,0
765591,30,True,4568,21
765920,30,True,12655,44
765922,30,True,12655,44
765941,30,True,0,0
765943,30,True,0,0
765958,30,True,11791,44
765960,30,True,11791,44
765976,30,True,0,0
765978,30,True,0,0
765993,30,True,0,0
765995,30,True,12655,44
766010,30,True,0,0
766012,30,True,0,0
766027,30,True,8058,43
766029,30,True,7770,42
766044,30,True,0,0
766046,30,True,0,0
766060,30,True,0,0
766062,30,True,0,0
766096,30,True,0,0
766110,30,True,0,0
766112,30,True,0,0
766124,30,True,0,0
766138,30,True,0,0
766153,30,True,0,0
766167,30,True,0,0
766170,30,True,0,0
766184,30,True,0,0
766185,30,True,0,0
766209,30,True,0,0
766211,30,True,0,0
766336,30,True,0,0
766337,30,True,0,0
766493,30,True,0,0
766505,30,True,0,0
766555,30,True,0,0
766569,30,True,0,0
766571,30,True,0,0
766585,30,True,39124,189
766587,30,True,2198,14
766600,30,True,17503,109
766602,30,True,23399,121
766620,30,True,60105,226
766622,30,True,0,0
766642,30,True,61529,241
766644,30,True,0,0
766661,30,True,0,0
766673,30,False,0,0
766685,30,False,0,0
766694,30,True,0,0
766703,30,True,56636,209
766712,30,True,31929,132
766721,30,True,65809,239
766730,30,True,0,0
766740,30,True,0,0
766749,30,True,0,0
766758,30,True,0,0
766788,30,True,60898,236
766806,30,True,0,0
766843,30,True,56685,214
766851,30,True,0,0
766875,30,True,0,0
766937,30,True,0,0
766988,30,True,0,0
767053,30,True,0,0
767166,30,True,0,0
767233,30,True,0,0
767329,30,True,0,0
767350,30,True,0,0
767351,30,True,0,0
767366,30,True,0,0
767367,30,True,0,0
767454,30,True,0,0
767455,30,True,0,0
767470,30,True,275,2
767471,30,True,38515,141
767494,30,True,0,0
767495,30,True,0,0
767509,30,True,0,0
767523,30,True,0,0
767541,30,True,16871,71
767542,30,True,36079,167
767554,30,True,65267,240
767572,30,True,0,0
767573,30,True,0,0
767585,30,True,0,0
767597,30,True,0,0
767598,30,True,0,0
767609,30,True,8058,37
767610,30,True,8634,37
767620,30,True,0,0
767621,30,True,0,0
767678,30,True,64985,232
767722,30,True,0,0
767723,30,True,0,0
767750,30,True,0,0
767751,30,True,0,0
767759,30,True,58940,218
767760,30,True,41326,170
767767,30,True,0,0
767768,30,True,0,0
767790,30,True,16098,59
767791,30,True,16098,59
767801,30,True,0,0
767810,30,True,61236,218
767811,30,True,60970,218
767812,30,True,0,0
767827,30,True,0,0
767838,30,True,0,0
767857,30,True,0,0
767868,30,True,0,0
767883,30,True,16406,59
767896,30,True,16406,59
767898,30,True,16406,59
767910,30,True,16406,59
767925,30,True,16406,59
767940,30,True,16406,59
767942,30,True,16406,59
767955,30,True,16406,59
767970,30,True,16406,59
767984,30,True,0,0
767986,30,True,0,0
767998,30,True,0,0
768000,30,True,0,0
768012,30,True,0,0
768014,30,True,0,0
768026,30,True,0,0
768028,30,True,0,0
768041,30,True,16115,59
768055,30,True,16406,59
768066,30,True,0,0
768173,30,True,0,0
768174,30,True,0,0
768202,30,True,0,0
768222,30,True,0,0
768223,30,True,0,0
768230,30,True,0,0
768238,30,True,0,0
768253,30,True,0,0
768265,30,True,0,0
768283,30,True,0,0
768297,30,True,0,0
768328,30,True,65838,241
768339,30,True,28448,103
768349,30,True,49484,181
768444,30,True,0,0
768469,30,True,0,0
768477,30,True,0,0
768523,30,True,0,0
768584,30,True,0,0
768598,30,True,0,0
768626,30,True,0,0
768643,30,True,0,0
768655,30,True,0,0
768664,30,True,0,0
768682,30,True,0,0
768701,30,True,0,0
768779,30,True,68436,241
768898,30,True,3456,14
768907,30,True,20095,93
768968,30,True,0,0
768969,30,True,0,0
768978,30,True,0,0
768984,30,True,0,0
769029,30,True,0,0
769030,30,True,0,0
769068,30,True,0,0
769090,30,True,0,0
769091,30,True,0,0
769105,30,True,0,0
769118,30,True,0,0
769136,30,True,0,0
769150,30,True,0,0
769195,30,True,0,0
769228,30,True,0,0
769248,30,True,0,0
769279,30,False,0,0
769292,30,False,0,0
769294,30,False,0,0
769345,30,True,0,0
769346,30,True,0,0
769358,30,True,0,0
769359,30,True,0,0
769372,30,True,0,0
769373,30,True,0,0
769388,30,True,0,0
769389,30,True,0,0
769402,30,True,0,0
769403,30,True,0,0
769405,30,True,0,0
769418,30,True,0,0
769430,30,True,0,0
769431,30,True,0,0
769443,30,True,0,0
769444,30,True,0,0
769454,30,True,0,0
769467,30,True,0,0
769496,30,True,0,0
769513,30,True,0,0
769625,30,True,0,0
769701,30,True,0,0
769702,30,True,0,0
769722,30,True,4874,20
769744,30,True,0,0
769758,30,True,2870,13
769772,30,True,8584,58
769788,30,True,60351,237
769806,30,True,24154,103
769807,30,True,2864,14
769819,30,True,20978,86
769831,30,True,19850,91
769847,30,True,58385,219
769866,30,True,41672,162
769867,30,True,42798,162
769880,30,True,52043,207
769895,30,True,60046,218
769911,30,True,0,0
769926,30,True,65220,240
769941,30,True,0,0
769953,30,True,28024,103
769965,30,True,66650,241
769983,30,True,0,0
769984,30,True,0,0
770000,30,True,22121,82
770012,30,True,0,0
770024,30,True,0,0
770036,30,True,0,0
770048,30,True,0,0
770061,30,True,51186,184
770076,30,True,0,0
770089,30,True,58001,228
770103,30,True,2870,16
770116,30,True,0,0
770129,30,True,68096,241
770141,30,True,42727,168
770187,30,True,58636,211
770200,30,True,0,0
770215,30,True,0,0
770229,30,True,0,0
770243,30,True,57135,203
770259,30,True,0,0
770275,30,True,65253,241
770290,30,True,28141,127
770303,30,True,0,0
770315,30,True,0,0
770331,30,True,0,0
770332,30,True,0,0
770353,30,True,0,0
770354,30,True,0,0
770385,30,True,21554,79
770386,30,True,0,0
770401,30,True,0,0
770544,30,True,0,0
770545,30,True,0,0
770555,30,True,0,0
770556,30,True,0,0
770568,30,True,54418,197
770578,30,True,2586,9
770579,30,True,2586,9
770587,30,True,0,0
770588,30,True,0,0
770598,30,True,0,0
770599,30,True,0,0
770610,30,True,0,0
770611,30,True,0,0
771253,30,True,0,0
771254,30,True,0,0
771268,30,True,0,0
771285,30,True,12655,44
771294,30,True,12362,44
771295,30,True,12655,44
771306,30,True,12655,44
771318,30,True,12079,44
771329,30,True,11790,44
771340,30,True,12076,44
771349,30,True,0,0
771350,30,True,0,0
771360,30,True,9786,43
771371,30,True,12079,44
771385,30,True,12655,44
771386,30,True,12655,44
771396,30,True,11790,44
771400,30,True,11791,44
771410,30,True,12655,44
771421,30,True,12655,44
771431,30,True,0,0
771432,30,True,0,0
771441,30,True,12655,44
771453,30,True,0,0
771463,30,True,0,0
771475,30,True,0,0
771488,30,True,12655,44
771499,30,True,0,0
771509,30,True,12079,44
771521,30,True,12079,44
771531,30,True,12079,44
771542,30,True,12367,44
771553,30,True,0,0
771565,30,True,0,0
771577,30,True,0,0
771578,30,True,0,0
771603,30,True,0,0
771618,30,True,0,0
771667,30,True,0,0
771673,30,True,0,0
771690,30,True,0,0
771691,30,True,0,0
771706,30,True,11221,40
771721,30,True,0,0
771767,30,True,0,0
771807,30,True,0,0
771808,30,True,0,0
771825,30,True,0,0
771826,30,True,0,0
771845,30,True,0,0
771846,30,True,0,0
771863,30,True,0,0
771864,30,True,0,0
771877,30,True,0,0
771879,30,True,0,0
771897,30,True,0,0
771898,30,True,0,0
771914,30,True,0,0
771915,30,True,0,0
771925,30,True,0,0
771938,30,True,0,0
771939,30,True,0,0
771954,30,True,0,0
771969,30,True,0,0
771981,30,True,0,0
771997,30,True,0,0
772011,30,True,8348,44
772024,30,True,11791,44
772025,30,True,0,0
772055,30,True,0,0
772092,30,True,12655,44
772107,30,True,4024,14
772118,30,True,11503,42
772119,30,True,11503,42
772125,30,True,0,0
772126,30,True,0,0
772132,30,True,0,0
772133,30,True,0,0
772140,30,True,0,0
772151,30,True,0,0
772167,30,True,0,0
772168,30,True,0,0
772178,30,True,0,0
772193,30,True,0,0
772208,30,True,0,0
772340,30,True,0,0
772354,30,True,0,0
772355,30,True,0,0
772396,30,True,0,0
772420,30,True,0,0
772421,30,True,0,0
772437,30,True,0,0
772438,30,True,0,0
772454,30,True,5661,40
772455,30,True,0,0
772487,30,True,12655,44
772488,30,True,12655,44
772501,30,True,0,0
772513,30,True,0,0
772527,30,True,2006,8
772564,30,True,0,0
772582,30,True,0,0
772583,30,True,0,0
772596,30,True,0,0
772597,30,True,0,0
772609,30,True,0,0
772610,30,True,0,0
772669,30,True,0,0
772689,30,True,0,0
772701,30,True,0,0
772711,30,True,0,0
772857,30,True,8886,41
772858,30,True,0,0
772872,30,True,0,0
772873,30,True,0,0
772887,30,True,0,0
772888,30,True,0,0
772902,30,True,0,0
772903,30,True,46423,187
772917,30,True,51889,188
772918,30,True,0,0
772932,30,True,0,0
772933,30,True,42386,160
772953,30,True,36640,138
772954,30,True,0,0
772966,30,True,0,0
772967,30,True,0,0
772980,30,True,0,0
772999,30,True,0,0
773000,30,True,0,0
773012,30,True,0,0
773013,30,True,0,0
773023,30,True,0,0
773024,30,True,0,0
773047,30,True,0,0
773062,30,True,0,0
773154,30,True,0,0
773179,30,True,0,0
773193,30,True,0,0
773194,30,True,0,0
773221,30,True,0,0
773222,30,True,0,0
773232,30,True,0,0
773233,30,True,0,0
773245,30,True,0,0
773246,30,True,0,0
773257,30,True,0,0
773258,30,True,0,0
773273,30,True,0,0
773274,30,True,0,0
773281,30,False,0,0
773293,30,True,0,0
773294,30,True,0,0
773304,30,True,0,0
773305,30,True,0,0
773316,30,True,0,0
773317,30,True,0,0
773329,30,True,0,0
773330,30,True,0,0
773342,30,True,0,0
773343,30,True,0,0
773362,30,True,0,0
773363,30,True,0,0
773407,30,True,0,0
773409,30,True,0,0
773422,30,True,0,0
773424,30,True,0,0
773437,30,True,0,0
773439,30,True,0,0
773458,30,True,0,0
773460,30,True,0,0
773473,30,True,0,0
773474,30,True,0,0
773490,30,True,0,0
773492,30,True,0,0
773505,30,True,0,0
773507,30,True,0,0
773520,30,True,0,0
773522,30,True,0,0
773535,30,True,0,0
773537,30,True,0,0
773647,30,True,0,0
773656,30,True,0,0
773711,30,True,0,0
773712,30,True,0,0
773723,30,True,0,0
773724,30,True,0,0
773736,30,True,0,0
773737,30,True,0,0
773743,30,True,0,0
773749,30,True,0,0
773773,30,True,0,0
773774,30,True,0,0
773784,30,True,0,0
773785,30,True,0,0
773795,30,True,0,0
773796,30,True,0,0
773798,30,True,0,0
773807,30,True,0,0
773869,30,True,0,0
773870,30,True,0,0
773880,30,True,0,0
773890,30,True,62393,222
773904,30,True,2254,15
773906,30,True,0,0
773916,30,True,0,0
773927,30,True,60385,218
773939,30,True,0,0
773953,30,True,0,0
773954,30,True,0,0
773974,30,True,0,0
773975,30,True,0,0
773995,30,True,0,0
773996,30,True,0,0
774011,30,True,0,0
774012,30,True,0,0
774031,30,True,0,0
774032,30,True,0,0
774053,30,True,0,0
774054,30,True,0,0
774067,30,True,4309,17
774092,30,True,0,0
774125,30,True,0,0
774164,30,True,0,0
774165,30,True,0,0
774180,30,True,0,0
774181,30,True,0,0
774204,30,True,62394,224
774216,30,True,0,0
774217,30,True,0,0
774226,30,True,0,0
774227,30,True,0,0
774235,30,True,0,0
774236,30,True,0,0
774244,30,True,0,0
774245,30,True,0,0
774278,30,True,0,0
774279,30,True,0,0
774301,30,True,0,0
774302,30,True,0,0
774327,30,True,0,0
774344,30,True,0,0
774358,30,True,0,0
774359,30,True,0,0
774372,30,True,0,0
774373,30,True,0,0
774389,30,True,0,0
774411,30,True,0,0
774440,30,True,0,0
774441,30,True,0,0
774444,30,True,0,0
774445,30,True,0,0
774475,30,True,37676,151
774491,30,True,65850,238
774614,30,True,0,0
774658,30,True,0,0
774671,30,True,0,0
774672,30,True,0,0
774685,30,True,0,0
774703,30,True,0,0
774704,30,True,0,0
774728,30,True,66705,241
774729,30,True,66414,241
774743,30,True,0,0
774744,30,True,0,0
774799,30,True,0,0
774800,30,True,0,0
774812,30,True,0,0
774813,30,True,0,0
774826,30,True,0,0
774827,30,True,0,0
774841,30,True,263,2
774842,30,True,0,0
774854,30,True,0,0
774855,30,True,0,0
774865,30,True,0,0
774866,30,True,0,0
774877,30,True,56915,235
774878,30,True,66976,240
774890,30,True,0,0
774891,30,True,0,0
774901,30,True,0,0
774902,30,True,0,0
774926,30,True,2015,8
774927,30,True,0,0
774946,30,True,0,0
774947,30,True,0,0
774958,30,True,0,0
775012,30,True,0,0
775029,30,True,60368,241
775030,30,True,0,0
775100,30,False,0,0
775101,30,False,0,0
775120,30,True,7752,41
775121,30,True,27601,102
775136,30,True,285,2
775137,30,True,44336,192
775155,30,True,0,0
775156,30,True,0,0
775165,30,True,0,0
775183,30,True,0,0
775184,30,True,0,0
775225,30,True,0,0
775239,30,True,0,0
775249,30,True,0,0
775261,30,True,0,0
775302,30,True,0,0
775314,30,True,0,0
775365,30,True,0,0
775462,30,True,0,0
775495,30,False,0,0
775511,30,True,34652,172
775520,30,True,0,0
775535,30,True,0,0
775536,30,True,28566,146
775552,30,True,64980,241
775610,30,True,0,0
775636,30,True,0,0
775637,30,True,0,0
775689,30,True,0,0
775690,30,True,0,0
775734,30,True,0,0
775752,30,True,0,0
775762,30,True,0,0
775763,30,True,0,0
775773,30,True,0,0
775774,30,True,0,0
775795,30,True,63548,224
775825,30,True,2304,9
775936,30,True,0,0
775949,30,True,0,0
775961,30,True,0,0
775975,30,True,0,0
775990,30,True,0,0
776019,30,True,0,0
776020,30,True,0,0
776052,30,True,0,0
776060,30,True,0,0
776066,30,True,0,0
776073,30,True,0,0
776081,30,True,0,0
776136,30,True,0,0
776177,30,True,0,0
776188,30,True,0,0
776196,30,True,0,0
776197,30,True,0,0
776203,30,True,0,0
776208,30,True,0,0
776215,30,True,0,0
776221,30,True,0,0
776228,30,True,0,0
776242,30,True,0,0
776253,30,True,0,0
776266,30,True,0,0
776289,30,True,0,0
776290,30,True,0,0
776295,30,True,0,0
776313,30,True,0,0
776328,30,True,0,0
776425,30,True,0,0
776440,30,True,0,0
776457,30,True,0,0
776465,30,True,67859,241
776480,30,True,0,0
776487,30,True,18417,70
776493,30,True,33893,129
776518,30,True,0,0
776628,30,True,0,0
776629,30,True,0,0
776657,30,True,0,0
776690,30,True,0,0
776708,30,True,0,0
776739,30,True,0,0
776751,30,True,31341,114
776752,30,True,31051,114
776773,30,True,0,0
776826,30,True,0,0
776843,30,True,0,0
776844,30,True,0,0
776906,30,True,0,0
776981,30,True,0,0
776986,30,True,0,0
777061,30,True,0,0
777065,30,True,0,0
777066,30,True,0,0
777203,30,True,0,0
777204,30,True,0,0
777212,30,True,45478,194
777213,30,True,144,2
777223,30,True,0,0
777224,30,True,0,0
777232,30,True,0,0
777233,30,True,0,0
777243,30,True,0,0
777245,30,True,0,0
777253,30,True,0,0
777254,30,True,0,0
777262,30,True,0,0
777263,30,True,0,0
777316,30,True,46046,196
777317,30,True,0,0
777733,30,True,0,0
777767,30,True,3157,16
777781,30,True,284,2
777796,30,True,1125,7
777998,30,False,0,0
777999,30,False,0,0
778040,30,False,0,0
778051,30,False,0,0
778062,30,False,0,0
778074,30,False,0,0
778086,30,False,0,0
778097,30,False,0,0
778108,30,False,0,0
778119,30,False,0,0
778130,30,False,0,0
778139,30,False,0,0
778140,30,False,0,0
778155,30,False,0,0
778156,30,False,0,0
778167,30,False,0,0
778168,30,False,0,0
778179,30,False,0,0
715898,60,True,0,0
715915,60,True,0,0
715916,60,False,0,0
715918,60,False,0,0
715920,60,False,0,0
715929,60,True,0,0
715930,60,True,0,0
715933,60,True,0,0
715938,60,True,29026,107
715944,60,True,0,0
715947,60,True,0,0
715996,60,True,0,0
716016,60,True,0,0
716017,60,True,413,2
716023,60,True,0,0
716028,60,True,0,0
716032,60,True,0,0
716036,60,True,0,0
716047,60,True,0,0
716050,60,True,0,0
716057,60,True,0,0
716063,60,True,0,0
716067,60,True,0,0
716069,60,True,0,0
716072,60,True,0,0
716075,60,True,0,0
716076,60,True,0,0
716078,60,True,0,0
716081,60,True,37117,132
716084,60,True,0,0
716085,60,True,64702,230
716087,60,True,12649,51
716088,60,True,64697,230
716091,60,True,62691,229
716092,60,True,0,0
716101,60,True,0,0
716126,60,True,0,0
716142,60,True,43242,160
716143,60,True,0,0
716146,60,True,0,0
716152,60,True,65548,241
716153,60,True,0,0
716172,60,True,0,0
716174,60,True,0,0
716176,60,True,0,0
716181,60,True,0,0
716187,60,True,0,0
716193,60,True,0,0
716203,60,True,0,0
716206,60,True,0,0
716213,60,True,0,0
716235,60,True,0,0
716237,60,True,0,0
716238,60,True,0,0
716241,60,True,0,0
716253,60,True,0,0
716254,60,True,0,0
716265,60,True,0,0
716271,60,True,0,0
716272,60,True,0,0
716273,60,True,0,0
716295,60,False,5760,22
716296,60,False,0,0
716311,60,True,0,0
716312,60,True,0,0
716313,60,True,0,0
716314,60,True,0,0
716328,60,True,5907,31
716331,60,True,0,0
716337,60,True,0,0
716339,60,True,0,0
716359,60,True,0,0
716390,60,True,0,0
716391,60,True,0,0
716392,60,True,0,0
716402,60,True,0,0
716404,60,True,0,0
716405,60,True,0,0
716407,60,True,0,0
716409,60,True,0,0
716413,60,True,0,0
716414,60,True,0,0
716419,60,True,0,0
716420,60,True,0,0
716421,60,True,0,0
716422,60,True,0,0
716424,60,True,0,0
716426,60,True,0,0
716427,60,True,0,0
716428,60,True,0,0
716431,60,True,0,0
716433,60,True,0,0
716434,60,True,0,0
716437,60,True,0,0
716440,60,True,0,0
716441,60,True,0,0
716442,60,True,0,0
716443,60,True,0,0
716448,60,True,0,0
716449,60,True,0,0
716450,60,True,0,0
716453,60,True,0,0
716456,60,True,0,0
716457,60,True,0,0
716459,60,True,0,0
716460,60,True,0,0
716461,60,True,0,0
716466,60,True,0,0
716470,60,True,0,0
716471,60,True,0,0
716481,60,True,0,0
716484,60,True,0,0
716485,60,True,0,0
716490,60,True,0,0
716491,60,True,0,0
716494,60,True,0,0
716495,60,True,0,0
716499,60,True,0,0
716500,60,True,0,0
716551,60,True,54594,218
716554,60,True,60087,220
716571,60,True,0,0
716573,60,True,0,0
716626,60,True,0,0
716632,60,True,0,0
716659,60,True,0,0
716660,60,True,0,0
716663,60,True,0,0
716670,60,True,0,0
716674,60,True,0,0
716689,60,True,0,0
716694,60,True,0,0
716714,60,True,2868,11
716719,60,True,0,0
716720,60,True,0,0
716733,60,True,0,0
716738,60,True,0,0
716739,60,True,0,0
716760,60,True,0,0
716775,60,True,0,0
716776,60,True,0,0
716778,60,True,0,0
716784,60,True,0,0
716788,60,True,0,0
716797,60,True,0,0
716800,60,True,0,0
716810,60,True,0,0
716819,60,True,7350,27
716829,60,True,0,0
716834,60,True,0,0
716841,60,True,0,0
716847,60,True,0,0
716857,60,True,0,0
716875,60,True,0,0
716891,60,True,0,0
716895,60,True,0,0
716896,60,True,0,0
716898,60,True,0,0
716899,60,False,0,0
716900,60,False,0,0
716902,60,True,0,0
716904,60,True,0,0
716906,60,True,0,0
716907,60,True,0,0
716908,60,True,0,0
716911,60,True,0,0
716912,60,True,0,0
716915,60,False,0,0
716916,60,True,0,0
716918,60,True,0,0
716920,60,True,0,0
716921,60,True,0,0
716922,60,True,0,0
716923,60,True,0,0
716924,60,True,0,0
716925,60,True,0,0
716928,60,True,0,0
716929,60,True,29888,107
716930,60,True,29888,107
716933,60,True,0,0
716934,60,True,29888,107
716936,60,True,0,0
716937,60,True,0,0
716938,60,True,0,0
716939,60,True,0,0
716940,60,True,0,0
716941,60,True,0,0
716942,60,True,0,0
716943,60,True,0,0
716944,60,True,0,0
716946,60,True,0,0
716949,60,True,0,0
716951,60,True,0,0
716953,60,True,0,0
716955,60,True,0,0
716956,60,True,0,0
716958,60,True,0,0
716960,60,True,0,0
716963,60,True,0,0
716965,60,True,0,0
716968,60,True,14691,54
716971,60,True,0,0
716973,60,True,0,0
716974,60,True,0,0
716977,60,True,1899,11
716978,60,True,2579,14
716979,60,True,0,0
716981,60,True,1428,5
716983,60,True,25826,112
716985,60,True,27,2
716986,60,True,58349,210
716988,60,True,0,0
716989,60,True,0,0
716990,60,True,0,0
716991,60,True,0,0
716993,60,True,0,0
716994,60,True,0,0
716996,60,True,0,0
716997,60,True,0,0
716999,60,True,0,0
717000,60,True,0,0
717001,60,True,0,0
717002,60,True,0,0
717004,60,True,0,0
717006,60,True,0,0
717008,60,True,0,0
717009,60,True,0,0
717011,60,True,0,0
717012,60,True,0,0
717014,60,True,0,0
717015,60,True,0,0
717016,60,True,0,0
717019,60,True,0,0
717020,60,True,0,0
717022,60,True,0,0
717026,60,True,0,0
717028,60,True,0,0
717029,60,True,0,0
717031,60,True,0,0
717032,60,True,0,0
717033,60,True,0,0
717035,60,True,0,0
717036,60,True,0,0
717039,60,True,0,0
717040,60,True,0,0
717041,60,True,0,0
717042,60,True,0,0
717043,60,True,0,0
717045,60,True,0,0
717046,60,True,0,0
717047,60,True,0,0
717049,60,True,0,0
717052,60,True,0,0
717055,60,True,0,0
717059,60,True,0,0
717060,60,True,0,0
717065,60,True,0,0
717070,60,True,0,0
717071,60,True,0,0
717073,60,True,0,0
717075,60,True,64991,230
717077,60,True,64988,230
717079,60,True,0,0
717081,60,True,0,0
717083,60,True,28452,103
717084,60,True,0,0
717087,60,True,65277,230
717089,60,True,64410,230
717091,60,True,63712,230
717093,60,True,64988,230
717095,60,True,0,0
717097,60,True,64369,230
717099,60,True,0,0
717101,60,True,64704,230
717105,60,True,0,0
717108,60,True,58667,208
717110,60,True,0,0
717112,60,True,58666,208
717114,60,True,0,0
717116,60,True,10345,36
717119,60,True,0,0
717121,60,True,0,0
717123,60,True,0,0
717125,60,True,0,0
717127,60,True,0,0
717129,60,True,0,0
717131,60,True,0,0
717133,60,True,0,0
717134,60,True,0,0
717135,60,True,0,0
717136,60,True,0,0
717139,60,True,0,0
717142,60,True,68423,241
717143,60,True,38088,145
717146,60,True,0,0
717150,60,True,67795,241
717152,60,True,0,0
717154,60,True,68143,241
717155,60,True,0,0
717156,60,True,22721,83
717157,60,True,22721,83
717160,60,True,68425,241
717162,60,True,33649,180
717165,60,True,4859,31
717167,60,True,12132,63
717169,60,True,0,0
717171,60,True,0,0
717174,60,True,68428,241
717176,60,True,67558,240
717179,60,True,288,2
717185,60,True,68430,241
717187,60,True,66956,240
717190,60,True,68143,241
717192,60,True,66984,240
717195,60,True,62993,236
717196,60,True,36118,154
717198,60,True,68432,241
717200,60,True,66989,238
717202,60,True,0,0
717205,60,True,274,2
717207,60,True,39086,139
717209,60,True,559,4
717211,60,True,1409,8
717214,60,True,832,5
717216,60,True,1438,10
717219,60,True,68143,241
717220,60,True,576,4
717224,60,True,838,5
717226,60,True,812,6
717235,60,True,0,0
717236,60,True,0,0
717238,60,True,0,0
717240,60,True,63507,228
717241,60,True,65819,240
717243,60,True,0,0
717245,60,True,0,0
717246,60,True,67845,241
717247,60,True,66978,240
717249,60,True,65546,241
717251,60,True,66700,241
717252,60,True,66127,241
717254,60,True,66133,239
717257,60,True,0,0
717258,60,True,60886,233
717260,60,True,0,0
717262,60,True,0,0
717263,60,True,0,0
717264,60,False,0,0
717265,60,True,0,0
717266,60,True,0,0
717268,60,True,0,0
717269,60,True,0,0
717270,60,True,0,0
717273,60,True,0,0
717274,60,True,0,0
717277,60,True,0,0
717279,60,True,0,0
717281,60,True,0,0
717282,60,True,0,0
717285,60,True,0,0
717288,60,True,0,0
717290,60,True,0,0
717292,60,True,0,0
717294,60,True,0,0
717296,60,True,0,0
717298,60,True,0,0
717300,60,True,0,0
717301,60,True,0,0
717303,60,True,0,0
717306,60,True,0,0
717308,60,True,0,0
717312,60,True,0,0
717315,60,True,0,0
717316,60,True,0,0
717318,60,True,0,0
717320,60,True,0,0
717322,60,True,0,0
717324,60,True,0,0
717328,60,True,0,0
717330,60,True,0,0
717332,60,True,0,0
717334,60,True,0,0
717337,60,True,0,0
717339,60,True,0,0
717340,60,True,0,0
717342,60,True,0,0
717343,60,True,0,0
717346,60,True,0,0
717350,60,True,0,0
717352,60,True,0,0
717355,60,True,0,0
717357,60,True,0,0
717358,60,True,0,0
717361,60,True,0,0
717365,60,True,0,0
717367,60,True,19465,86
717368,60,True,0,0
717369,60,True,30774,122
717373,60,True,66712,240
717374,60,True,66712,240
717375,60,True,0,0
717376,60,True,0,0
717378,60,True,0,0
717379,60,True,0,0
717380,60,True,0,0
717381,60,True,0,0
717383,60,True,0,0
717384,60,True,0,0
717387,60,True,2880,12
717388,60,True,2880,12
717390,60,True,3168,13
717392,60,False,0,0
717393,60,False,0,0
717396,60,False,34810,124
717397,60,False,34811,124
717399,60,True,23177,97
717402,60,True,0,0
717404,60,True,8916,57
717406,60,True,22427,81
717410,60,True,0,0
717413,60,True,2304,9
717416,60,True,0,0
717418,60,True,1721,9
717420,60,True,0,0
717421,60,True,0,0
717424,60,True,3454,14
717426,60,True,23572,99
717428,60,True,0,0
717431,60,True,22716,98
717433,60,True,0,0
717434,60,True,67866,240
717435,60,True,67580,240
717436,60,True,67857,240
717438,60,True,0,0
717439,60,True,1741,13
717440,60,True,67867,240
717441,60,True,68152,240
717442,60,True,5573,24
717443,60,True,14099,56
717445,60,True,0,0
717446,60,True,0,0
717447,60,True,0,0
717450,60,True,0,0
717452,60,True,0,0
717453,60,True,0,0
717456,60,True,0,0
717458,60,True,0,0
717459,60,True,0,0
717460,60,True,0,0
717461,60,True,0,0
717462,60,True,0,0
717463,60,True,0,0
717465,60,True,0,0
717466,60,True,0,0
717468,60,True,0,0
717469,60,True,0,0
717472,60,True,27893,137
717473,60,True,30735,156
717479,60,True,21300,81
717480,60,True,0,0
717481,60,True,0,0
717483,60,True,0,0
717484,60,True,0,0
717486,60,True,0,0
717488,60,True,0,0
717489,60,True,0,0
717490,60,True,0,0
717491,60,True,0,0
717492,60,True,39692,140
717493,60,True,0,0
717495,60,True,0,0
717497,60,True,0,0
717498,60,True,0,0
717499,60,True,0,0
717501,60,True,0,0
717502,60,True,0,0
717504,60,True,0,0
717508,60,True,0,0
717510,60,True,0,0
717511,60,True,0,0
717513,60,True,276,1
717514,60,True,0,0
717515,60,True,18379,69
717516,60,True,0,0
717517,60,True,0,0
717518,60,True,0,0
717519,60,True,0,0
717520,60,True,0,0
717522,60,True,0,0
717524,60,True,0,0
717525,60,True,0,0
717528,60,True,0,0
717530,60,True,0,0
717532,60,True,0,0
717533,60,True,10633,44
717535,60,True,12649,44
717536,60,True,11209,44
717537,60,True,11209,44
717539,60,True,0,0
717541,60,True,0,0
717543,60,True,11209,44
717544,60,True,11209,44
717546,60,True,0,0
717547,60,True,0,0
717549,60,True,2592,10
717553,60,True,2592,10
717554,60,True,9216,39
717557,60,True,0,0
717558,60,True,0,0
717560,60,True,4019,14
717562,60,True,0,0
717565,60,True,0,0
717566,60,True,8928,39
717568,60,True,0,0
717570,60,True,0,0
717571,60,True,0,0
717572,60,True,0,0
717573,60,True,0,0
717576,60,True,0,0
717578,60,True,60379,219
717580,60,True,60939,220
717582,60,True,59705,219
717583,60,True,59736,220
717585,60,True,0,0
717587,60,True,0,0
717590,60,True,0,0
717592,60,True,0,0
717595,60,True,0,0
717597,60,True,0,0
717599,60,True,0,0
717601,60,True,0,0
717603,60,True,0,0
717606,60,True,0,0
717608,60,True,0,0
717610,60,True,0,0
717612,60,True,0,0
717613,60,True,0,0
717614,60,True,0,0
717615,60,True,0,0
717617,60,True,24136,90
717620,60,True,0,0
717622,60,True,1111,7
717624,60,True,0,0
717625,60,True,0,0
717627,60,True,0,0
717628,60,True,0,0
717630,60,True,0,0
717631,60,True,0,0
717633,60,True,0,0
717634,60,True,0,0
717635,60,True,0,0
717637,60,True,66081,241
717638,60,True,67278,240
717640,60,True,68142,240
717642,60,True,28155,129
717644,60,True,1438,10
717646,60,True,67549,240
717649,60,True,0,0
717650,60,True,67566,240
717653,60,True,0,0
717654,60,True,68140,240
717657,60,True,0,0
717659,60,True,0,0
717660,60,True,0,0
717661,60,True,11783,41
717663,60,True,258,2
717664,60,True,11784,41
717667,60,True,0,0
717669,60,True,0,0
717672,60,True,40934,145
717673,60,True,57743,233
717674,60,True,66434,238
717675,60,True,15807,57
717676,60,True,25599,91
717678,60,True,24126,91
717682,60,True,52170,188
717684,60,True,24399,91
717685,60,True,52175,188
717686,60,True,51869,188
717688,60,True,51269,188
717692,60,True,0,0
717694,60,True,38927,143
717696,60,True,0,0
717697,60,True,0,0
717699,60,True,0,0
717701,60,True,0,0
717703,60,True,0,0
717706,60,True,0,0
717709,60,True,0,0
717710,60,True,0,0
717711,60,True,0,0
717713,60,True,0,0
717715,60,True,0,0
717717,60,True,0,0
717719,60,True,0,0
717720,60,True,0,0
717721,60,True,0,0
717723,60,True,0,0
717724,60,True,0,0
717727,60,True,0,0
717729,60,True,0,0
717731,60,True,0,0
717733,60,True,0,0
717735,60,True,0,0
717740,60,True,0,0
717742,60,True,0,0
717744,60,True,0,0
717746,60,True,0,0
717750,60,True,0,0
717751,60,True,0,0
717752,60,True,0,0
717753,60,True,0,0
717755,60,True,0,0
717758,60,True,0,0
717760,60,True,32169,135
717763,60,True,848,6
717765,60,True,0,0
717766,60,True,0,0
717769,60,True,0,0
717770,60,True,0,0
717772,60,True,0,0
717776,60,True,0,0
717777,60,True,0,0
717779,60,True,0,0
717787,60,True,0,0
717788,60,True,0,0
717790,60,True,47137,171
717794,60,True,0,0
717795,60,True,0,0
717797,60,True,0,0
717798,60,True,0,0
717799,60,True,0,0
717800,60,True,0,0
717801,60,True,0,0
717804,60,True,0,0
717806,60,True,0,0
717807,60,True,0,0
717809,60,True,0,0
717813,60,True,10057,39
717814,60,True,0,0
717816,60,True,0,0
717818,60,True,0,0
717819,60,True,0,0
717821,60,True,0,0
717823,60,True,0,0
717824,60,True,0,0
717825,60,True,0,0
717826,60,True,0,0
717827,60,True,0,0
717828,60,True,0,0
717829,60,True,0,0
717831,60,True,31616,132
717832,60,True,24743,106
717833,60,True,19147,72
717836,60,True,3732,21
717838,60,True,24428,86
717839,60,True,0,0
717842,60,True,0,0
717843,60,True,0,0
717844,60,True,0,0
717846,60,True,0,0
717847,60,True,0,0
717848,60,True,0,0
717850,60,True,54362,209
717851,60,True,0,0
717853,60,True,0,0
717854,60,True,0,0
717857,60,True,0,0
717858,60,True,0,0
717859,60,True,0,0
717862,60,True,0,0
717863,60,True,16838,86
717864,60,True,0,0
717865,60,True,0,0
717867,60,True,0,0
717871,60,True,0,0
717872,60,True,0,0
717875,60,True,0,0
717877,60,True,0,0
717879,60,True,0,0
717881,60,True,0,0
717884,60,True,0,0
717885,60,True,0,0
717887,60,True,0,0
717888,60,True,0,0
717893,60,True,0,0
717894,60,True,0,0
717896,60,True,0,0
717897,60,True,0,0
717898,60,True,0,0
717903,60,True,0,0
717906,60,True,0,0
717907,60,True,0,0
717909,60,True,0,0
717912,60,True,0,0
717914,60,True,6352,23
717915,60,True,0,0
717922,60,True,0,0
717924,60,True,0,0
717925,60,True,0,0
717926,60,True,0,0
717929,60,True,0,0
717930,60,True,0,0
717933,60,True,0,0
717934,60,True,0,0
717940,60,True,0,0
717942,60,True,0,0
717943,60,True,0,0
717945,60,True,0,0
717951,60,True,0,0
717956,60,True,25728,94
717957,60,True,0,0
717958,60,True,13811,49
717960,60,True,0,0
717962,60,True,0,0
717963,60,True,0,0
717966,60,True,0,0
717968,60,True,0,0
717970,60,True,0,0
717972,60,True,0,0
717975,60,True,0,0
717977,60,True,0,0
717978,60,True,0,0
717980,60,True,0,0
717983,60,True,576,4
717986,60,True,550,3
717989,60,True,35636,129
717992,60,True,4598,18
717995,60,True,16831,62
718002,60,True,0,0
718008,60,True,0,0
718012,60,True,3690,19
718014,60,True,0,0
718016,60,True,0,0
718017,60,True,0,0
718018,60,True,0,0
718020,60,True,0,0
718041,60,True,0,0
718045,60,True,0,0
718046,60,True,0,0
718047,60,True,867,6
718048,60,True,0,0
718050,60,True,0,0
718051,60,True,0,0
718052,60,True,0,0
718053,60,True,0,0
718054,60,True,0,0
718064,60,True,0,0
718066,60,True,42244,151
718072,60,True,42244,151
718076,60,True,29355,126
718081,60,False,46134,164
718085,60,True,0,0
718086,60,True,0,0
718089,60,True,0,0
718090,60,False,0,0
718092,60,True,0,0
718099,60,True,0,0
718102,60,True,0,0
718103,60,True,0,0
718118,60,True,541,4
718119,60,True,479,4
718123,60,True,0,0
718124,60,True,0,0
718125,60,True,0,0
718126,60,True,0,0
718127,60,True,0,0
718130,60,True,4568,21
718141,60,True,0,0
718142,60,True,0,0
718143,60,True,0,0
718144,60,True,0,0
718146,60,True,0,0
718147,60,True,0,0
718148,60,True,0,0
718149,60,True,0,0
718150,60,True,0,0
718151,60,True,0,0
718155,60,True,0,0
718164,60,True,0,0
718165,60,True,0,0
718166,60,True,0,0
718173,60,True,0,0
718204,60,True,0,0
718210,60,True,67854,241
718219,60,True,0,0
718221,60,True,0,0
718223,60,True,0,0
718226,60,True,0,0
718227,60,True,0,0
718229,60,True,0,0
718232,60,True,0,0
718235,60,True,0,0
718238,60,True,0,0
718240,60,True,0,0
718242,60,True,0,0
718243,60,True,0,0
718245,60,True,0,0
718247,60,True,0,0
718249,60,True,0,0
718251,60,True,0,0
718253,60,True,0,0
718256,60,True,0,0
718258,60,True,0,0
718259,60,True,22968,87
718262,60,True,0,0
718265,60,True,0,0
718266,60,True,0,0
718267,60,True,0,0
718275,60,True,0,0
718277,60,True,0,0
718280,60,True,0,0
718284,60,True,0,0
718287,60,True,51941,213
718290,60,True,0,0
718291,60,True,0,0
718292,60,True,0,0
718296,60,True,2292,9
718297,60,True,0,0
718300,60,True,0,0
718302,60,True,0,0
718304,60,True,0,0
718308,60,True,0,0
718310,60,True,0,0
718312,60,True,0,0
718314,60,True,0,0
718315,60,True,0,0
718320,60,True,0,0
718321,60,True,0,0
718326,60,True,0,0
718327,60,True,0,0
718332,60,True,0,0
718335,60,True,0,0
718356,60,True,68420,241
718358,60,True,0,0
718360,60,True,0,0
718364,60,True,29028,107
718370,60,True,0,0
718371,60,True,0,0
718375,60,True,66704,239
718376,60,True,31627,114
718379,60,True,0,0
718384,60,True,0,0
718389,60,True,0,0
718392,60,True,0,0
718393,60,True,0,0
718394,60,True,0,0
718404,60,True,0,0
718405,60,True,0,0
718410,60,True,0,0
718411,60,True,0,0
718412,60,True,0,0
718414,60,True,0,0
718415,60,True,0,0
718419,60,True,0,0
718421,60,True,0,0
718445,60,True,0,0
718453,60,True,0,0
718455,60,True,0,0
718466,60,True,0,0
718469,60,True,0,0
718479,60,True,0,0
718488,60,True,0,0
718492,60,True,0,0
718493,60,True,0,0
718496,60,True,62392,224
718499,60,True,65837,236
718500,60,True,0,0
737152,60,True,0,0
737158,60,True,0,0
737184,60,True,0,0
737229,60,True,0,0
737232,60,True,0,0
737237,60,True,0,0
737242,60,True,0,0
737246,60,True,0,0
737257,60,True,0,0
737258,60,True,0,0
737269,60,True,0,0
737278,60,True,0,0
737292,60,True,0,0
737313,60,True,0,0
737320,60,True,0,0
737344,60,True,0,0
737345,60,True,0,0
737433,60,True,0,0
737504,60,True,56831,204
737529,60,True,0,0
759142,60,True,0,0
759165,60,True,0,0
759228,60,True,0,0
759250,60,True,0,0
759257,60,True,0,0
759259,60,True,0,0
759271,60,True,0,0
759280,60,True,0,0
759289,60,True,0,0
759385,60,True,0,0
759416,60,True,0,0
759418,60,True,0,0
759422,60,True,0,0
759427,60,True,0,0
759513,60,True,0,0
759518,60,True,0,0
759531,60,True,0,0
759542,60,True,0,0
759552,60,True,0,0
759566,60,True,22692,85
759576,60,True,0,0
759591,60,True,0,0
759602,60,True,0,0
759610,60,True,0,0
759617,60,True,0,0
759626,60,True,0,0
759636,60,True,0,0
759648,60,True,0,0
759654,60,True,0,0
759666,60,True,0,0
759672,60,True,0,0
759677,60,True,0,0
759685,60,True,14072,52
759700,60,True,0,0
759707,60,True,0,0
759747,60,False,0,0
759762,60,True,55469,208
759772,60,True,25113,121
759783,60,True,55456,209
759822,60,True,0,0
759834,60,True,0,0
759835,60,True,0,0
759844,60,True,0,0
759850,60,True,0,0
759858,60,True,0,0
759870,60,True,0,0
759900,60,True,0,0
759914,60,True,0,0
759927,60,True,0,0
759933,60,True,0,0
759942,60,True,0,0
759980,60,True,10930,66
760002,60,True,0,0
760013,60,True,0,0
760024,60,True,0,0
760046,60,True,0,0
760063,60,True,0,0
760074,60,True,0,0
760080,60,True,0,0
760101,60,True,0,0
760112,60,True,0,0
760167,60,True,0,0
760187,60,True,0,0
760196,60,True,0,0
760226,60,True,0,0
760236,60,True,0,0
760283,60,True,0,0
760301,60,True,0,0
760315,60,True,0,0
760330,60,True,0,0
760349,60,True,0,0
760358,60,True,0,0
760361,60,True,0,0
760369,60,True,0,0
760375,60,True,258,2
760384,60,True,0,0
760398,60,True,0,0
760426,60,True,0,0
760440,60,True,0,0
760452,60,True,0,0
760473,60,True,0,0
760481,60,True,0,0
760496,60,True,0,0
760512,60,True,0,0
760535,60,True,0,0
760558,60,True,0,0
760568,60,True,0,0
760599,60,True,0,0
760606,60,True,0,0
760619,60,True,0,0
760635,60,True,0,0
760643,60,True,0,0
760650,60,True,0,0
760686,60,True,8928,39
760693,60,True,8928,39
760706,60,True,0,0
760718,60,True,0,0
760726,60,True,12073,43
760738,60,True,12073,43
760746,60,True,0,0
760756,60,True,12073,43
760765,60,True,2787,16
760774,60,True,11497,42
760782,60,True,12073,43
760794,60,True,0,0
760801,60,True,11203,42
760812,60,True,0,0
760814,60,True,11497,42
760828,60,True,0,0
760869,60,True,12073,43
760892,60,True,12073,43
760900,60,True,0,0
760911,60,True,12073,43
760921,60,True,0,0
760932,60,True,9106,39
760941,60,True,10055,37
760951,60,True,0,0
760959,60,True,12073,43
760971,60,True,12073,43
760987,60,True,60944,234
761003,60,True,60078,235
761016,60,True,0,0
761070,60,True,0,0
761128,60,True,0,0
761141,60,True,0,0
761152,60,True,0,0
761165,60,True,15223,92
761177,60,True,0,0
761191,60,True,60125,224
761206,60,True,65548,240
761220,60,True,50447,188
761342,60,True,0,0
761356,60,True,50650,208
761374,60,True,68144,241
761455,60,True,0,0
761482,60,True,0,0
761492,60,True,0,0
761500,60,True,0,0
761526,60,True,0,0
761541,60,True,0,0
761552,60,True,65535,240
761599,60,False,0,0
761604,60,False,0,0
761644,60,True,0,0
761675,60,True,0,0
761734,60,True,0,0
761761,60,True,0,0
761776,60,True,36216,131
761844,60,True,47988,171
761851,60,True,3206,14
762329,60,True,42244,151
762347,60,True,0,0
762353,60,False,0,0
762398,60,True,0,0
763237,60,True,0,0
763246,60,True,0,0
763251,60,True,0,0
763259,60,True,0,0
763267,60,True,0,0
763275,60,True,0,0
763286,60,True,0,0
763294,60,True,0,0
763299,60,True,0,0
763304,60,True,0,0
763309,60,True,0,0
763314,60,True,0,0
763325,60,True,0,0
763330,60,True,0,0
763336,60,True,0,0
763341,60,True,0,0
763346,60,True,0,0
763354,60,True,0,0
763361,60,True,0,0
763367,60,True,5471,20
763372,60,True,0,0
763377,60,True,0,0
763384,60,True,0,0
763392,60,True,0,0
763400,60,True,0,0
763408,60,True,6047,24
763419,60,True,0,0
763424,60,True,0,0
763429,60,True,0,0
763434,60,True,0,0
763439,60,True,0,0
763447,60,True,0,0
763453,60,True,0,0
763458,60,True,0,0
763468,60,True,0,0
763479,60,True,67842,241
763485,60,True,0,0
763490,60,True,0,0
763498,60,True,0,0
763502,60,True,0,0
763507,60,True,0,0
763512,60,True,0,0
763517,60,True,0,0
763522,60,True,0,0
763527,60,True,0,0
763532,60,True,0,0
763539,60,True,0,0
763553,60,True,0,0
763558,60,True,67563,241
763563,60,True,68427,241
763568,60,True,0,0
763573,60,True,46847,185
763578,60,True,67853,241
763583,60,True,55764,199
763590,60,True,0,0
763616,60,True,1728,12
763621,60,True,0,0
763626,60,True,0,0
763641,60,True,0,0
763649,60,True,68432,241
763663,60,True,0,0
763669,60,True,31628,114
763674,60,True,0,0
763683,60,True,59088,237
763689,60,True,0,0
763695,60,True,0,0
763700,60,True,0,0
763706,60,True,0,0
763712,60,True,0,0
763720,60,True,0,0
763731,60,True,0,0
763748,60,True,0,0
763963,60,True,0,0
763970,60,True,0,0
763975,60,True,0,0
763980,60,True,0,0
763985,60,True,0,0
763990,60,True,0,0
763995,60,False,0,0
764001,60,True,60371,215
764021,60,True,6337,23
764026,60,True,0,0
764032,60,True,0,0
764037,60,True,0,0
764050,60,True,0,0
764054,60,True,0,0
764059,60,True,0,0
764064,60,True,12073,43
764068,60,True,0,0
764072,60,True,12072,43
764076,60,True,10903,42
764081,60,True,9469,36
764085,60,True,11497,42
764089,60,True,0,0
764096,60,True,68428,241
764101,60,True,0,0
764106,60,False,0,0
764130,60,True,0,0
764137,60,True,0,0
764146,60,True,0,0
764151,60,True,0,0
764156,60,True,0,0
764161,60,True,2592,10
764165,60,True,2592,10
764169,60,True,4020,14
764173,60,True,4020,14
764177,60,True,11495,42
764181,60,True,11497,42
764185,60,True,12073,43
764189,60,True,0,0
764193,60,True,0,0
764197,60,True,0,0
764201,60,True,0,0
764206,60,True,0,0
764217,60,True,0,0
764222,60,True,68429,241
764227,60,True,37134,185
764232,60,False,0,0
764244,60,True,0,0
764249,60,True,0,0
764262,60,True,0,0
764269,60,True,0,0
764276,60,True,67866,240
764283,60,True,0,0
764290,60,True,0,0
764297,60,True,0,0
764304,60,True,56962,206
764311,60,True,45752,169
764318,60,True,0,0
764322,60,True,0,0
764417,60,True,0,0
764418,60,True,0,0
764420,60,True,0,0
764425,60,True,0,0
764430,60,False,0,0
764435,60,True,0,0
764567,60,True,0,0
764572,60,True,0,0
764578,60,True,66329,239
764583,60,True,66238,240
764590,60,True,0,0
764598,60,True,0,0
764604,60,True,0,0
764622,60,True,0,0
764627,60,True,0,0
764632,60,True,0,0
764637,60,True,0,0
764646,60,True,0,0
764671,60,True,0,0
764754,60,True,0,0
764760,60,True,0,0
764766,60,True,0,0
764781,60,True,0,0
764794,60,True,0,0
764798,60,True,27606,100
764803,60,True,2527,12
764808,60,True,0,0
764814,60,True,47315,182
764819,60,True,60041,223
764824,60,True,68145,240
764829,60,True,0,0
764834,60,True,0,0
764839,60,True,38221,150
764848,60,True,66426,235
764853,60,True,0,0
764863,60,True,0,0
764868,60,True,0,0
764874,60,True,0,0
764879,60,True,0,0
764885,60,True,0,0
764891,60,True,0,0
764900,60,True,0,0
764905,60,True,0,0
764910,60,True,0,0
764915,60,True,63546,227
764921,60,True,0,0
764927,60,True,0,0
764932,60,True,54618,196
764937,60,True,0,0
764941,60,True,0,0
764949,60,True,0,0
764958,60,True,0,0
764963,60,True,0,0
765098,60,True,0,0
765099,60,True,0,0
765100,60,True,0,0
765101,60,True,0,0
765106,60,True,0,0
765150,60,True,39250,185
765153,60,True,58073,238
765164,60,True,0,0
765171,60,True,0,0
765176,60,True,0,0
765265,60,True,0,0
765273,60,True,0,0
765444,60,True,0,0
765451,60,True,0,0
765456,60,True,62962,240
765461,60,True,56357,223
765467,60,True,0,0
765472,60,True,0,0
765476,60,True,0,0
765477,60,True,50730,188
765486,60,True,0,0
765501,60,True,22228,91
765506,60,True,0,0
765591,60,True,4568,21
765920,60,True,12649,44
765922,60,True,12649,44
765941,60,True,0,0
765943,60,True,0,0
765958,60,True,11785,44
765960,60,True,11785,44
765976,60,True,0,0
765978,60,True,0,0
765993,60,True,0,0
765995,60,True,12649,44
766010,60,True,0,0
766012,60,True,0,0
766027,60,True,8052,43
766029,60,True,7764,42
766044,60,True,0,0
766046,60,True,0,0
766060,60,True,0,0
766062,60,True,0,0
766096,60,True,0,0
766110,60,True,0,0
766112,60,True,0,0
766124,60,True,0,0
766138,60,True,0,0
766153,60,True,0,0
766167,60,True,0,0
766170,60,True,0,0
766184,60,True,0,0
766185,60,True,0,0
766209,60,True,0,0
766211,60,True,0,0
766336,60,True,0,0
766337,60,True,0,0
766493,60,True,0,0
766505,60,True,0,0
766555,60,True,0,0
766569,60,True,0,0
766571,60,True,0,0
766585,60,True,39124,190
766587,60,True,2198,14
766600,60,True,17503,109
766602,60,True,23393,122
766620,60,True,60099,226
766622,60,True,0,0
766642,60,True,61523,241
766644,60,True,0,0
766661,60,True,0,0
766673,60,False,0,0
766685,60,False,0,0
766694,60,True,0,0
766703,60,True,56636,209
766712,60,True,31929,132
766721,60,True,65803,239
766730,60,True,0,0
766740,60,True,0,0
766749,60,True,0,0
766758,60,True,0,0
766788,60,True,60892,237
766806,60,True,0,0
766843,60,True,56685,214
766851,60,True,0,0
766875,60,True,0,0
766937,60,True,0,0
766988,60,True,0,0
767053,60,True,0,0
767166,60,True,0,0
767233,60,True,0,0
767329,60,True,0,0
767350,60,True,0,0
767351,60,True,0,0
767366,60,True,0,0
767367,60,True,0,0
767454,60,True,0,0
767455,60,True,0,0
767470,60,True,275,2
767471,60,True,38509,141
767494,60,True,0,0
767495,60,True,0,0
767509,60,True,0,0
767523,60,True,0,0
767541,60,True,16865,71
767542,60,True,36079,167
767554,60,True,65261,240
767572,60,True,0,0
767573,60,True,0,0
767585,60,True,0,0
767597,60,True,0,0
767598,60,True,0,0
767609,60,True,8052,37
767610,60,True,8628,37
767620,60,True,0,0
767621,60,True,0,0
767678,60,True,64985,232
767722,60,True,0,0
767723,60,True,0,0
767750,60,True,0,0
767751,60,True,0,0
767759,60,True,58934,218
767760,60,True,41320,170
767767,60,True,0,0
767768,60,True,0,0
767790,60,True,16098,59
767791,60,True,16098,59
767801,60,True,0,0
767810,60,True,61236,218
767811,60,True,60970,218
767812,60,True,0,0
767827,60,True,0,0
767838,60,True,0,0
767857,60,True,0,0
767868,60,True,0,0
767883,60,True,16406,59
767896,60,True,16406,59
767898,60,True,16406,59
767910,60,True,16406,59
767925,60,True,16406,59
767940,60,True,16406,59
767942,60,True,16406,59
767955,60,True,16406,59
767970,60,True,16406,59
767984,60,True,0,0
767986,60,True,0,0
767998,60,True,0,0
768000,60,True,0,0
768012,60,True,0,0
768014,60,True,0,0
768026,60,True,0,0
768028,60,True,0,0
768041,60,True,16115,59
768055,60,True,16406,59
768066,60,True,0,0
768173,60,True,0,0
768174,60,True,0,0
768202,60,True,0,0
768222,60,True,0,0
768223,60,True,0,0
768230,60,True,0,0
768238,60,True,0,0
768253,60,True,0,0
768265,60,True,0,0
768283,60,True,0,0
768297,60,True,0,0
768328,60,True,65832,241
768339,60,True,28448,103
768349,60,True,49484,181
768444,60,True,0,0
768469,60,True,0,0
768477,60,True,0,0
768523,60,True,0,0
768584,60,True,0,0
768598,60,True,0,0
768626,60,True,0,0
768643,60,True,0,0
768655,60,True,0,0
768664,60,True,0,0
768682,60,True,0,0
768701,60,True,0,0
768779,60,True,68430,241
768898,60,True,3456,14
768907,60,True,20089,93
768968,60,True,0,0
768969,60,True,0,0
768978,60,True,0,0
768984,60,True,0,0
769029,60,True,0,0
769030,60,True,0,0
769068,60,True,0,0
769090,60,True,0,0
769091,60,True,0,0
769105,60,True,0,0
769118,60,True,0,0
769136,60,True,0,0
769150,60,True,0,0
769195,60,True,0,0
769228,60,True,0,0
769248,60,True,0,0
769279,60,False,0,0
769292,60,False,0,0
769294,60,False,0,0
769345,60,True,0,0
769346,60,True,0,0
769358,60,True,0,0
769359,60,True,0,0
769372,60,True,0,0
769373,60,True,0,0
769388,60,True,0,0
769389,60,True,0,0
769402,60,True,0,0
769403,60,True,0,0
769405,60,True,0,0
769418,60,True,0,0
769430,60,True,0,0
769431,60,True,0,0
769443,60,True,0,0
769444,60,True,0,0
769454,60,True,0,0
769467,60,True,0,0
769496,60,True,0,0
769513,60,True,0,0
769625,60,True,0,0
769701,60,True,0,0
769702,60,True,0,0
769722,60,True,4874,20
769744,60,True,0,0
769758,60,True,2870,13
769772,60,True,8584,58
769788,60,True,60345,237
769806,60,True,24148,103
769807,60,True,2858,14
769819,60,True,20972,86
769831,60,True,19844,91
769847,60,True,58379,219
769866,60,True,41672,162
769867,60,True,42792,162
769880,60,True,52037,208
769895,60,True,60046,218
769911,60,True,0,0
769926,60,True,65214,240
769941,60,True,0,0
769953,60,True,28018,103
769965,60,True,66644,241
769983,60,True,0,0
769984,60,True,0,0
770000,60,True,22115,82
770012,60,True,0,0
770024,60,True,0,0
770036,60,True,0,0
770048,60,True,0,0
770061,60,True,51180,184
770076,60,True,0,0
770089,60,True,58001,228
770103,60,True,2870,16
770116,60,True,0,0
770129,60,True,68090,241
770141,60,True,42721,168
770187,60,True,58636,211
770200,60,True,0,0
770215,60,True,0,0
770229,60,True,0,0
770243,60,True,57129,203
770259,60,True,0,0
770275,60,True,65253,241
770290,60,True,28135,127
770303,60,True,0,0
770315,60,True,0,0
770331,60,True,0,0
770332,60,True,0,0
770353,60,True,0,0
770354,60,True,0,0
770385,60,True,21548,79
770386,60,True,0,0
770401,60,True,0,0
770544,60,True,0,0
770545,60,True,0,0
770555,60,True,0,0
770556,60,True,0,0
770568,60,True,54412,197
770578,60,True,2580,9
770579,60,True,2580,9
770587,60,True,0,0
770588,60,True,0,0
770598,60,True,0,0
770599,60,True,0,0
770610,60,True,0,0
770611,60,True,0,0
771253,60,True,0,0
771254,60,True,0,0
771268,60,True,0,0
771285,60,True,12649,44
771294,60,True,12356,44
771295,60,True,12649,44
771306,60,True,12649,44
771318,60,True,12073,44
771329,60,True,11784,44
771340,60,True,12070,44
771349,60,True,0,0
771350,60,True,0,0
771360,60,True,9780,43
771371,60,True,12073,44
771385,60,True,12649,44
771386,60,True,12649,44
771396,60,True,11784,44
771400,60,True,11785,44
771410,60,True,12649,44
771421,60,True,12649,44
771431,60,True,0,0
771432,60,True,0,0
771441,60,True,12649,44
771453,60,True,0,0
771463,60,True,0,0
771475,60,True,0,0
771488,60,True,12649,44
771499,60,True,0,0
771509,60,True,12073,44
771521,60,True,12073,44
771531,60,True,12073,44
771542,60,True,12361,44
771553,60,True,0,0
771565,60,True,0,0
771577,60,True,0,0
771578,60,True,0,0
771603,60,True,0,0
771618,60,True,0,0
771667,60,True,0,0
771673,60,True,0,0
771690,60,True,0,0
771691,60,True,0,0
771706,60,True,11221,40
771721,60,True,0,0
771767,60,True,0,0
771807,60,True,0,0
771808,60,True,0,0
771825,60,True,0,0
771826,60,True,0,0
771845,60,True,0,0
771846,60,True,0,0
771863,60,True,0,0
771864,60,True,0,0
771877,60,True,0,0
771879,60,True,0,0
771897,60,True,0,0
771898,60,True,0,0
771914,60,True,0,0
771915,60,True,0,0
771925,60,True,0,0
771938,60,True,0,0
771939,60,True,0,0
771954,60,True,0,0
771969,60,True,0,0
771981,60,True,0,0
771997,60,True,0,0
772011,60,True,8342,44
772024,60,True,11785,44
772025,60,True,0,0
772055,60,True,0,0
772092,60,True,12649,44
772107,60,True,4018,14
772118,60,True,11497,42
772119,60,True,11497,42
772125,60,True,0,0
772126,60,True,0,0
772132,60,True,0,0
772133,60,True,0,0
772140,60,True,0,0
772151,60,True,0,0
772167,60,True,0,0
772168,60,True,0,0
772178,60,True,0,0
772193,60,True,0,0
772208,60,True,0,0
772340,60,True,0,0
772354,60,True,0,0
772355,60,True,0,0
772396,60,True,0,0
772420,60,True,0,0
772421,60,True,0,0
772437,60,True,0,0
772438,60,True,0,0
772454,60,True,5661,40
772455,60,True,0,0
772487,60,True,12649,44
772488,60,True,12649,44
772501,60,True,0,0
772513,60,True,0,0
772527,60,True,2006,8
772564,60,True,0,0
772582,60,True,0,0
772583,60,True,0,0
772596,60,True,0,0
772597,60,True,0,0
772609,60,True,0,0
772610,60,True,0,0
772669,60,True,0,0
772689,60,True,0,0
772701,60,True,0,0
772711,60,True,0,0
772857,60,True,8880,41
772858,60,True,0,0
772872,60,True,0,0
772873,60,True,0,0
772887,60,True,0,0
772888,60,True,0,0
772902,60,True,0,0
772903,60,True,46417,187
772917,60,True,51883,188
772918,60,True,0,0
772932,60,True,0,0
772933,60,True,42380,160
772953,60,True,36634,138
772954,60,True,0,0
772966,60,True,0,0
772967,60,True,0,0
772980,60,True,0,0
772999,60,True,0,0
773000,60,True,0,0
773012,60,True,0,0
773013,60,True,0,0
773023,60,True,0,0
773024,60,True,0,0
773047,60,True,0,0
773062,60,True,0,0
773154,60,True,0,0
773179,60,True,0,0
773193,60,True,0,0
773194,60,True,0,0
773221,60,True,0,0
773222,60,True,0,0
773232,60,True,0,0
773233,60,True,0,0
773245,60,True,0,0
773246,60,True,0,0
773257,60,True,0,0
773258,60,True,0,0
773273,60,True,0,0
773274,60,True,0,0
773281,60,False,0,0
773293,60,True,0,0
773294,60,True,0,0
773304,60,True,0,0
773305,60,True,0,0
773316,60,True,0,0
773317,60,True,0,0
773329,60,True,0,0
773330,60,True,0,0
773342,60,True,0,0
773343,60,True,0,0
773362,60,True,0,0
773363,60,True,0,0
773407,60,True,0,0
773409,60,True,0,0
773422,60,True,0,0
773424,60,True,0,0
773437,60,True,0,0
773439,60,True,0,0
773458,60,True,0,0
773460,60,True,0,0
773473,60,True,0,0
773474,60,True,0,0
773490,60,True,0,0
773492,60,True,0,0
773505,60,True,0,0
773507,60,True,0,0
773520,60,True,0,0
773522,60,True,0,0
773535,60,True,0,0
773537,60,True,0,0
773647,60,True,0,0
773656,60,True,0,0
773711,60,True,0,0
773712,60,True,0,0
773723,60,True,0,0
773724,60,True,0,0
773736,60,True,0,0
773737,60,True,0,0
773743,60,True,0,0
773749,60,True,0,0
773773,60,True,0,0
773774,60,True,0,0
773784,60,True,0,0
773785,60,True,0,0
773795,60,True,0,0
773796,60,True,0,0
773798,60,True,0,0
773807,60,True,0,0
773869,60,True,0,0
773870,60,True,0,0
773880,60,True,0,0
773890,60,True,62393,222
773904,60,True,2254,15
773906,60,True,0,0
773916,60,True,0,0
773927,60,True,60379,218
773939,60,True,0,0
773953,60,True,0,0
773954,60,True,0,0
773974,60,True,0,0
773975,60,True,0,0
773995,60,True,0,0
773996,60,True,0,0
774011,60,True,0,0
774012,60,True,0,0
774031,60,True,0,0
774032,60,True,0,0
774053,60,True,0,0
774054,60,True,0,0
774067,60,True,4303,17
774092,60,True,0,0
774125,60,True,0,0
774164,60,True,0,0
774165,60,True,0,0
774180,60,True,0,0
774181,60,True,0,0
774204,60,True,62394,224
774216,60,True,0,0
774217,60,True,0,0
774226,60,True,0,0
774227,60,True,0,0
774235,60,True,0,0
774236,60,True,0,0
774244,60,True,0,0
774245,60,True,0,0
774278,60,True,0,0
774279,60,True,0,0
774301,60,True,0,0
774302,60,True,0,0
774327,60,True,0,0
774344,60,True,0,0
774358,60,True,0,0
774359,60,True,0,0
774372,60,True,0,0
774373,60,True,0,0
774389,60,True,0,0
774411,60,True,0,0
774440,60,True,0,0
774441,60,True,0,0
774444,60,True,0,0
774445,60,True,0,0
774475,60,True,37676,151
774491,60,True,65844,238
774614,60,True,0,0
774658,60,True,0,0
774671,60,True,0,0
774672,60,True,0,0
774685,60,True,0,0
774703,60,True,0,0
774704,60,True,0,0
774728,60,True,66699,241
774729,60,True,66408,241
774743,60,True,0,0
774744,60,True,0,0
774799,60,True,0,0
774800,60,True,0,0
774812,60,True,0,0
774813,60,True,0,0
774826,60,True,0,0
774827,60,True,0,0
774841,60,True,263,2
774842,60,True,0,0
774854,60,True,0,0
774855,60,True,0,0
774865,60,True,0,0
774866,60,True,0,0
774877,60,True,56909,235
774878,60,True,66970,240
774890,60,True,0,0
774891,60,True,0,0
774901,60,True,0,0
774902,60,True,0,0
774926,60,True,2015,8
774927,60,True,0,0
774946,60,True,0,0
774947,60,True,0,0
774958,60,True,0,0
775012,60,True,0,0
775029,60,True,60362,241
775030,60,True,0,0
775100,60,False,0,0
775101,60,False,0,0
775120,60,True,7752,41
775121,60,True,27595,102
775136,60,True,285,2
775137,60,True,44336,192
775155,60,True,0,0
775156,60,True,0,0
775165,60,True,0,0
775183,60,True,0,0
775184,60,True,0,0
775225,60,True,0,0
775239,60,True,0,0
775249,60,True,0,0
775261,60,True,0,0
775302,60,True,0,0
775314,60,True,0,0
775365,60,True,0,0
775462,60,True,0,0
775495,60,False,0,0
775511,60,True,34646,172
775520,60,True,0,0
775535,60,True,0,0
775536,60,True,28566,145
775552,60,True,64974,241
775610,60,True,0,0
775636,60,True,0,0
775637,60,True,0,0
775689,60,True,0,0
775690,60,True,0,0
775734,60,True,0,0
775752,60,True,0,0
775762,60,True,0,0
775763,60,True,0,0
775773,60,True,0,0
775774,60,True,0,0
775795,60,True,63542,224
775825,60,True,2304,9
775936,60,True,0,0
775949,60,True,0,0
775961,60,True,0,0
775975,60,True,0,0
775990,60,True,0,0
776019,60,True,0,0
776020,60,True,0,0
776052,60,True,0,0
776060,60,True,0,0
776066,60,True,0,0
776073,60,True,0,0
776081,60,True,0,0
776136,60,True,0,0
776177,60,True,0,0
776188,60,True,0,0
776196,60,True,0,0
776197,60,True,0,0
776203,60,True,0,0
776208,60,True,0,0
776215,60,True,0,0
776221,60,True,0,0
776228,60,True,0,0
776242,60,True,0,0
776253,60,True,0,0
776266,60,True,0,0
776289,60,True,0,0
776290,60,True,0,0
776295,60,True,0,0
776313,60,True,0,0
776328,60,True,0,0
776425,60,True,0,0
776440,60,True,0,0
776457,60,True,0,0
776465,60,True,67853,241
776480,60,True,0,0
776487,60,True,18417,70
776493,60,True,33887,129
776518,60,True,0,0
776628,60,True,0,0
776629,60,True,0,0
776657,60,True,0,0
776690,60,True,0,0
776708,60,True,0,0
776739,60,True,0,0
776751,60,True,31341,114
776752,60,True,31051,114
776773,60,True,0,0
776826,60,True,0,0
776843,60,True,0,0
776844,60,True,0,0
776906,60,True,0,0
776981,60,True,0,0
776986,60,True,0,0
777061,60,True,0,0
777065,60,True,0,0
777066,60,True,0,0
777203,60,True,0,0
777204,60,True,0,0
777212,60,True,45478,194
777213,60,True,144,2
777223,60,True,0,0
777224,60,True,0,0
777232,60,True,0,0
777233,60,True,0,0
777243,60,True,0,0
777245,60,True,0,0
777253,60,True,0,0
777254,60,True,0,0
777262,60,True,0,0
777263,60,True,0,0
777316,60,True,46046,196
777317,60,True,0,0
777733,60,True,0,0
777767,60,True,3151,16
777781,60,True,284,2
777796,60,True,1119,7
777998,60,False,0,0
777999,60,False,0,0
778040,60,False,0,0
778051,60,False,0,0
778062,60,False,0,0
778074,60,False,0,0
778086,60,False,0,0
778097,60,False,0,0
778108,60,False,0,0
778119,60,False,0,0
778130,60,False,0,0
778139,60,False,0,0
778140,60,False,0,0
778155,60,False,0,0
778156,60,False,0,0
778167,60,False,0,0
778168,60,False,0,0
778179,60,False,0,0
