sample_id,target_station,timestamp,predicted_probability,normalized_regret,severe_failure,high_confidence_severe_failure,SPREAD,QUALITY_LEVEL,QUALITY_HETEROGENEITY,VOLATILITY,DISTANCE,TIE_SEPARATION,PEAK_OFFPEAK,PEAK_DETAIL,WEEKDAY_WEEKEND
775536_1781720100_H30,775536,2026-06-17T11:15:00-07:00,0.4693064033001856,1.0,True,True,HIGH_SPREAD,LOW_Q,LOW_Q_HETEROGENEITY,MID_VOLATILITY,NEAR,CLEAR_SEPARATION,OFF_PEAK,OFF_PEAK,WEEKDAY
775536_1781851200_H30,775536,2026-06-18T23:40:00-07:00,0.4689890308624083,1.0,True,True,LOW_SPREAD,LOW_Q,LOW_Q_HETEROGENEITY,LOW_VOLATILITY,NEAR,NEAR_TIE,OFF_PEAK,OFF_PEAK,WEEKDAY
775536_1782196200_H30,775536,2026-06-22T23:30:00-07:00,0.4689105599011977,0.2498756809046746,False,False,HIGH_SPREAD,LOW_Q,LOW_Q_HETEROGENEITY,LOW_VOLATILITY,NEAR,NEAR_TIE,OFF_PEAK,OFF_PEAK,WEEKDAY
775536_1782196500_H30,775536,2026-06-22T23:35:00-07:00,0.468771697729175,0.5119801079715157,False,False,HIGH_SPREAD,LOW_Q,LOW_Q_HETEROGENEITY,LOW_VOLATILITY,NEAR,NEAR_TIE,OFF_PEAK,OFF_PEAK,WEEKDAY
775536_1782196800_H30,775536,2026-06-22T23:40:00-07:00,0.4679422044822374,0.5119155879330669,False,False,HIGH_SPREAD,LOW_Q,LOW_Q_HETEROGENEITY,LOW_VOLATILITY,NEAR,NEAR_TIE,OFF_PEAK,OFF_PEAK,WEEKDAY
775536_1782197100_H30,775536,2026-06-22T23:45:00-07:00,0.46974012119096,0.3857005095439215,False,False,HIGH_SPREAD,LOW_Q,LOW_Q_HETEROGENEITY,LOW_VOLATILITY,NEAR,NEAR_TIE,OFF_PEAK,OFF_PEAK,WEEKDAY
765501_1782369000_H30,765501,2026-06-24T23:30:00-07:00,0.4681269136133228,1.0,True,True,HIGH_SPREAD,MID_Q,MID_Q_HETEROGENEITY,HIGH_VOLATILITY,NEAR,CLEAR_SEPARATION,OFF_PEAK,OFF_PEAK,WEEKDAY
765501_1782369300_H30,765501,2026-06-24T23:35:00-07:00,0.4681689468559117,1.0,True,True,HIGH_SPREAD,MID_Q,MID_Q_HETEROGENEITY,HIGH_VOLATILITY,NEAR,CLEAR_SEPARATION,OFF_PEAK,OFF_PEAK,WEEKDAY
765501_1782370200_H30,765501,2026-06-24T23:50:00-07:00,0.4682205132836865,1.0,True,True,HIGH_SPREAD,MID_Q,MID_Q_HETEROGENEITY,HIGH_VOLATILITY,NEAR,CLEAR_SEPARATION,OFF_PEAK,OFF_PEAK,WEEKDAY
765501_1782370500_H30,765501,2026-06-24T23:55:00-07:00,0.4683165758367079,0.0,False,False,MID_SPREAD,MID_Q,MID_Q_HETEROGENEITY,HIGH_VOLATILITY,NEAR,CLEAR_SEPARATION,OFF_PEAK,OFF_PEAK,WEEKDAY
775536_1782542100_H30,775536,2026-06-26T23:35:00-07:00,0.4682280105670889,0.0,False,False,LOW_SPREAD,LOW_Q,LOW_Q_HETEROGENEITY,LOW_VOLATILITY,NEAR,NEAR_TIE,OFF_PEAK,OFF_PEAK,WEEKDAY
775536_1782542400_H30,775536,2026-06-26T23:40:00-07:00,0.4701159251958608,0.6919326285974412,False,False,LOW_SPREAD,LOW_Q,LOW_Q_HETEROGENEITY,LOW_VOLATILITY,NEAR,NEAR_TIE,OFF_PEAK,OFF_PEAK,WEEKDAY
775536_1782542700_H30,775536,2026-06-26T23:45:00-07:00,0.4690776491523294,0.2262311077980979,False,False,LOW_SPREAD,LOW_Q,LOW_Q_HETEROGENEITY,LOW_VOLATILITY,NEAR,NEAR_TIE,OFF_PEAK,OFF_PEAK,WEEKDAY
